2026-05-22 12:57:14.638 INFO  [restartedMain] ua.com.kisit.course2026np.Main - Starting Main using Java 24.0.2 with PID 14088 (D:\ООП\practica\git\course-2026-np\target\classes started by User in D:\ООП\practica\git\course-2026-np)
2026-05-22 12:57:14.644 DEBUG [restartedMain] ua.com.kisit.course2026np.Main - Running with Spring Boot v4.0.2, Spring v7.0.3
2026-05-22 12:57:14.644 INFO  [restartedMain] ua.com.kisit.course2026np.Main - No active profile set, falling back to 1 default profile: "default"
2026-05-22 12:57:14.720 INFO  [restartedMain] o.s.b.d.e.DevToolsPropertyDefaultsPostProcessor - Devtools property defaults active! Set 'spring.devtools.add-properties' to 'false' to disable
2026-05-22 12:57:14.720 INFO  [restartedMain] o.s.b.d.e.DevToolsPropertyDefaultsPostProcessor - For additional web related logging consider setting the 'logging.level.web' property to 'DEBUG'
2026-05-22 12:57:14.929 INFO  [background-preinit] o.h.validator.internal.util.Version - HV000001: Hibernate Validator 9.0.1.Final
2026-05-22 12:57:19.847 INFO  [restartedMain] o.s.d.r.c.RepositoryConfigurationDelegate - Multiple Spring Data modules found, entering strict repository configuration mode
2026-05-22 12:57:19.849 INFO  [restartedMain] o.s.d.r.c.RepositoryConfigurationDelegate - Bootstrapping Spring Data JDBC repositories in DEFAULT mode.
2026-05-22 12:57:19.907 INFO  [restartedMain] o.s.d.r.c.RepositoryConfigurationExtensionSupport - Spring Data JDBC - Could not safely identify store assignment for repository candidate interface ua.com.kisit.course2026np.repository.AircraftRepository; If you want this repository to be a JDBC repository, consider annotating your entities with one of these annotations: org.springframework.data.relational.core.mapping.Table.
2026-05-22 12:57:19.909 INFO  [restartedMain] o.s.d.r.c.RepositoryConfigurationExtensionSupport - Spring Data JDBC - Could not safely identify store assignment for repository candidate interface ua.com.kisit.course2026np.repository.CrewMemberRepository; If you want this repository to be a JDBC repository, consider annotating your entities with one of these annotations: org.springframework.data.relational.core.mapping.Table.
2026-05-22 12:57:19.911 INFO  [restartedMain] o.s.d.r.c.RepositoryConfigurationExtensionSupport - Spring Data JDBC - Could not safely identify store assignment for repository candidate interface ua.com.kisit.course2026np.repository.CrewRepository; If you want this repository to be a JDBC repository, consider annotating your entities with one of these annotations: org.springframework.data.relational.core.mapping.Table.
2026-05-22 12:57:19.912 INFO  [restartedMain] o.s.d.r.c.RepositoryConfigurationExtensionSupport - Spring Data JDBC - Could not safely identify store assignment for repository candidate interface ua.com.kisit.course2026np.repository.FlightRepository; If you want this repository to be a JDBC repository, consider annotating your entities with one of these annotations: org.springframework.data.relational.core.mapping.Table.
2026-05-22 12:57:19.914 INFO  [restartedMain] o.s.d.r.c.RepositoryConfigurationExtensionSupport - Spring Data JDBC - Could not safely identify store assignment for repository candidate interface ua.com.kisit.course2026np.repository.PassengerRepository; If you want this repository to be a JDBC repository, consider annotating your entities with one of these annotations: org.springframework.data.relational.core.mapping.Table.
2026-05-22 12:57:19.915 INFO  [restartedMain] o.s.d.r.c.RepositoryConfigurationExtensionSupport - Spring Data JDBC - Could not safely identify store assignment for repository candidate interface ua.com.kisit.course2026np.repository.TicketRepository; If you want this repository to be a JDBC repository, consider annotating your entities with one of these annotations: org.springframework.data.relational.core.mapping.Table.
2026-05-22 12:57:19.917 INFO  [restartedMain] o.s.d.r.c.RepositoryConfigurationExtensionSupport - Spring Data JDBC - Could not safely identify store assignment for repository candidate interface ua.com.kisit.course2026np.repository.UserRepository; If you want this repository to be a JDBC repository, consider annotating your entities with one of these annotations: org.springframework.data.relational.core.mapping.Table.
2026-05-22 12:57:19.917 INFO  [restartedMain] o.s.d.r.c.RepositoryConfigurationDelegate - Finished Spring Data repository scanning in 57 ms. Found 0 JDBC repository interfaces.
2026-05-22 12:57:19.932 INFO  [restartedMain] o.s.d.r.c.RepositoryConfigurationDelegate - Multiple Spring Data modules found, entering strict repository configuration mode
2026-05-22 12:57:19.933 INFO  [restartedMain] o.s.d.r.c.RepositoryConfigurationDelegate - Bootstrapping Spring Data JPA repositories in DEFAULT mode.
2026-05-22 12:57:19.984 INFO  [restartedMain] o.s.d.r.c.RepositoryConfigurationDelegate - Finished Spring Data repository scanning in 43 ms. Found 7 JPA repository interfaces.
2026-05-22 12:57:21.132 INFO  [restartedMain] o.s.boot.tomcat.TomcatWebServer - Tomcat initialized with port 8080 (http)
2026-05-22 12:57:21.153 INFO  [restartedMain] o.a.coyote.http11.Http11NioProtocol - Initializing ProtocolHandler ["http-nio-8080"]
2026-05-22 12:57:21.156 INFO  [restartedMain] o.a.catalina.core.StandardService - Starting service [Tomcat]
2026-05-22 12:57:21.156 INFO  [restartedMain] o.a.catalina.core.StandardEngine - Starting Servlet engine: [Apache Tomcat/11.0.15]
2026-05-22 12:57:21.248 INFO  [restartedMain] o.s.b.w.c.s.WebApplicationContextInitializer - Root WebApplicationContext: initialization completed in 6527 ms
2026-05-22 12:57:21.790 INFO  [restartedMain] org.hibernate.orm.jpa - HHH008540: Processing PersistenceUnitInfo [name: default]
2026-05-22 12:57:21.890 INFO  [restartedMain] org.hibernate.orm.core - HHH000001: Hibernate ORM core version 7.2.1.Final
2026-05-22 12:57:22.801 INFO  [restartedMain] o.s.o.j.p.SpringPersistenceUnitInfo - No LoadTimeWeaver setup: ignoring JPA class transformer
2026-05-22 12:57:22.861 INFO  [restartedMain] com.zaxxer.hikari.HikariDataSource - SkyAirlinesHikariPool - Starting...
2026-05-22 12:57:23.893 INFO  [restartedMain] com.zaxxer.hikari.pool.HikariPool - SkyAirlinesHikariPool - Added connection com.mysql.cj.jdbc.ConnectionImpl@7ac7473f
2026-05-22 12:57:23.905 INFO  [restartedMain] com.zaxxer.hikari.HikariDataSource - SkyAirlinesHikariPool - Start completed.
2026-05-22 12:57:24.083 WARN  [restartedMain] org.hibernate.orm.deprecation - HHH90000025: MySQLDialect does not need to be specified explicitly using 'hibernate.dialect' (remove the property setting and it will be selected by default)
2026-05-22 12:57:24.133 INFO  [restartedMain] o.hibernate.orm.connections.pooling - HHH10001005: Database info:
	Database JDBC URL [jdbc:mysql://localhost:3306/course-2026-np]
	Database driver: MySQL Connector/J
	Database dialect: MySQLDialect
	Database version: 8.0.45
	Default catalog/schema: course-2026-np/undefined
	Autocommit mode: undefined/unknown
	Isolation level: REPEATABLE_READ [default REPEATABLE_READ]
	JDBC fetch size: none
	Pool: DataSourceConnectionProvider
	Minimum pool size: undefined/unknown
	Maximum pool size: undefined/unknown
2026-05-22 12:57:25.974 INFO  [restartedMain] org.hibernate.orm.core - HHH000489: No JTA platform available (set 'hibernate.transaction.jta.platform' to enable JTA platform integration)
2026-05-22 12:57:25.979 INFO  [restartedMain] org.hibernate.orm.jdbc.batch - HHH100501: Automatic JDBC statement batching enabled (maximum batch size 20)
2026-05-22 12:57:26.416 INFO  [restartedMain] o.s.o.j.LocalContainerEntityManagerFactoryBean - Initialized JPA EntityManagerFactory for persistence unit 'default'
2026-05-22 12:57:26.578 INFO  [restartedMain] o.s.d.j.r.q.QueryEnhancerFactories - Hibernate is in classpath; If applicable, HQL parser will be used.
2026-05-22 12:57:29.156 INFO  [restartedMain] o.s.s.c.a.a.c.InitializeAuthenticationProviderBeanManagerConfigurer$InitializeAuthenticationProviderManagerConfigurer - Global AuthenticationManager configured with AuthenticationProvider bean with name authenticationProvider
2026-05-22 12:57:29.157 WARN  [restartedMain] o.s.s.c.a.a.c.InitializeUserDetailsBeanManagerConfigurer$InitializeUserDetailsManagerConfigurer - Global AuthenticationManager configured with an AuthenticationProvider bean. UserDetailsService beans will not be used by Spring Security for automatically configuring username/password login. Consider removing the AuthenticationProvider bean. Alternatively, consider using the UserDetailsService in a manually instantiated DaoAuthenticationProvider. If the current configuration is intentional, to turn off this warning, increase the logging level of 'org.springframework.security.config.annotation.authentication.configuration.InitializeUserDetailsBeanManagerConfigurer' to ERROR
2026-05-22 12:57:29.196 WARN  [restartedMain] o.s.b.j.a.JpaBaseConfiguration$JpaWebConfiguration - spring.jpa.open-in-view is enabled by default. Therefore, database queries may be performed during view rendering. Explicitly configure spring.jpa.open-in-view to disable this warning
2026-05-22 12:57:29.708 INFO  [restartedMain] o.s.b.w.a.WelcomePageHandlerMapping - Adding welcome page template: index
2026-05-22 12:57:30.967 INFO  [restartedMain] o.s.b.a.e.web.EndpointLinksResolver - Exposing 1 endpoint beneath base path '/actuator'
2026-05-22 12:57:31.088 INFO  [restartedMain] o.a.coyote.http11.Http11NioProtocol - Starting ProtocolHandler ["http-nio-8080"]
2026-05-22 12:57:31.108 INFO  [restartedMain] o.s.boot.tomcat.TomcatWebServer - Tomcat started on port 8080 (http) with context path '/'
2026-05-22 12:57:31.119 INFO  [restartedMain] ua.com.kisit.course2026np.Main - Started Main in 17.535 seconds (process running for 19.106)
2026-05-22 12:57:31.256 INFO  [restartedMain] u.c.k.c.s.PasswordMigrationRunner - Усі паролі вже у форматі BCrypt — міграція не потрібна.
2026-05-22 12:57:31.917 INFO  [RMI TCP Connection(4)-192.168.56.1] o.a.c.c.C.[Tomcat].[localhost].[/] - Initializing Spring DispatcherServlet 'dispatcherServlet'
2026-05-22 12:57:31.917 INFO  [RMI TCP Connection(4)-192.168.56.1] o.s.web.servlet.DispatcherServlet - Initializing Servlet 'dispatcherServlet'
2026-05-22 12:57:31.920 INFO  [RMI TCP Connection(4)-192.168.56.1] o.s.web.servlet.DispatcherServlet - Completed initialization in 3 ms
2026-05-22 13:24:08.455 INFO  [SpringApplicationShutdownHook] o.s.boot.tomcat.GracefulShutdown - Commencing graceful shutdown. Waiting for active requests to complete
2026-05-22 13:24:08.461 INFO  [tomcat-shutdown] o.s.boot.tomcat.GracefulShutdown - Graceful shutdown complete
2026-05-22 13:24:08.472 INFO  [SpringApplicationShutdownHook] o.s.o.j.LocalContainerEntityManagerFactoryBean - Closing JPA EntityManagerFactory for persistence unit 'default'
2026-05-22 13:24:08.478 INFO  [SpringApplicationShutdownHook] com.zaxxer.hikari.HikariDataSource - SkyAirlinesHikariPool - Shutdown initiated...
2026-05-22 13:24:08.481 INFO  [SpringApplicationShutdownHook] com.zaxxer.hikari.HikariDataSource - SkyAirlinesHikariPool - Shutdown completed.
2026-05-22 14:38:41.939 INFO  [restartedMain] ua.com.kisit.course2026np.Main - Starting Main using Java 24.0.2 with PID 13916 (D:\ООП\practica\git\course-2026-np\target\classes started by User in D:\ООП\practica\git\course-2026-np)
2026-05-22 14:38:41.943 DEBUG [restartedMain] ua.com.kisit.course2026np.Main - Running with Spring Boot v4.0.2, Spring v7.0.3
2026-05-22 14:38:41.945 INFO  [restartedMain] ua.com.kisit.course2026np.Main - No active profile set, falling back to 1 default profile: "default"
2026-05-22 14:38:42.026 INFO  [restartedMain] o.s.b.d.e.DevToolsPropertyDefaultsPostProcessor - Devtools property defaults active! Set 'spring.devtools.add-properties' to 'false' to disable
2026-05-22 14:38:42.026 INFO  [restartedMain] o.s.b.d.e.DevToolsPropertyDefaultsPostProcessor - For additional web related logging consider setting the 'logging.level.web' property to 'DEBUG'
2026-05-22 14:38:42.311 INFO  [background-preinit] o.h.validator.internal.util.Version - HV000001: Hibernate Validator 9.0.1.Final
2026-05-22 14:38:43.880 INFO  [restartedMain] o.s.d.r.c.RepositoryConfigurationDelegate - Multiple Spring Data modules found, entering strict repository configuration mode
2026-05-22 14:38:43.882 INFO  [restartedMain] o.s.d.r.c.RepositoryConfigurationDelegate - Bootstrapping Spring Data JDBC repositories in DEFAULT mode.
2026-05-22 14:38:43.950 INFO  [restartedMain] o.s.d.r.c.RepositoryConfigurationExtensionSupport - Spring Data JDBC - Could not safely identify store assignment for repository candidate interface ua.com.kisit.course2026np.repository.AircraftRepository; If you want this repository to be a JDBC repository, consider annotating your entities with one of these annotations: org.springframework.data.relational.core.mapping.Table.
2026-05-22 14:38:43.953 INFO  [restartedMain] o.s.d.r.c.RepositoryConfigurationExtensionSupport - Spring Data JDBC - Could not safely identify store assignment for repository candidate interface ua.com.kisit.course2026np.repository.CrewMemberRepository; If you want this repository to be a JDBC repository, consider annotating your entities with one of these annotations: org.springframework.data.relational.core.mapping.Table.
2026-05-22 14:38:43.955 INFO  [restartedMain] o.s.d.r.c.RepositoryConfigurationExtensionSupport - Spring Data JDBC - Could not safely identify store assignment for repository candidate interface ua.com.kisit.course2026np.repository.CrewRepository; If you want this repository to be a JDBC repository, consider annotating your entities with one of these annotations: org.springframework.data.relational.core.mapping.Table.
2026-05-22 14:38:43.958 INFO  [restartedMain] o.s.d.r.c.RepositoryConfigurationExtensionSupport - Spring Data JDBC - Could not safely identify store assignment for repository candidate interface ua.com.kisit.course2026np.repository.FlightRepository; If you want this repository to be a JDBC repository, consider annotating your entities with one of these annotations: org.springframework.data.relational.core.mapping.Table.
2026-05-22 14:38:43.960 INFO  [restartedMain] o.s.d.r.c.RepositoryConfigurationExtensionSupport - Spring Data JDBC - Could not safely identify store assignment for repository candidate interface ua.com.kisit.course2026np.repository.PassengerRepository; If you want this repository to be a JDBC repository, consider annotating your entities with one of these annotations: org.springframework.data.relational.core.mapping.Table.
2026-05-22 14:38:43.962 INFO  [restartedMain] o.s.d.r.c.RepositoryConfigurationExtensionSupport - Spring Data JDBC - Could not safely identify store assignment for repository candidate interface ua.com.kisit.course2026np.repository.TicketRepository; If you want this repository to be a JDBC repository, consider annotating your entities with one of these annotations: org.springframework.data.relational.core.mapping.Table.
2026-05-22 14:38:43.964 INFO  [restartedMain] o.s.d.r.c.RepositoryConfigurationExtensionSupport - Spring Data JDBC - Could not safely identify store assignment for repository candidate interface ua.com.kisit.course2026np.repository.UserRepository; If you want this repository to be a JDBC repository, consider annotating your entities with one of these annotations: org.springframework.data.relational.core.mapping.Table.
2026-05-22 14:38:43.967 INFO  [restartedMain] o.s.d.r.c.RepositoryConfigurationDelegate - Finished Spring Data repository scanning in 68 ms. Found 0 JDBC repository interfaces.
2026-05-22 14:38:43.985 INFO  [restartedMain] o.s.d.r.c.RepositoryConfigurationDelegate - Multiple Spring Data modules found, entering strict repository configuration mode
2026-05-22 14:38:43.986 INFO  [restartedMain] o.s.d.r.c.RepositoryConfigurationDelegate - Bootstrapping Spring Data JPA repositories in DEFAULT mode.
2026-05-22 14:38:44.051 INFO  [restartedMain] o.s.d.r.c.RepositoryConfigurationDelegate - Finished Spring Data repository scanning in 58 ms. Found 7 JPA repository interfaces.
2026-05-22 14:38:45.079 INFO  [restartedMain] o.s.boot.tomcat.TomcatWebServer - Tomcat initialized with port 8080 (http)
2026-05-22 14:38:45.108 INFO  [restartedMain] o.a.coyote.http11.Http11NioProtocol - Initializing ProtocolHandler ["http-nio-8080"]
2026-05-22 14:38:45.111 INFO  [restartedMain] o.a.catalina.core.StandardService - Starting service [Tomcat]
2026-05-22 14:38:45.112 INFO  [restartedMain] o.a.catalina.core.StandardEngine - Starting Servlet engine: [Apache Tomcat/11.0.15]
2026-05-22 14:38:45.217 INFO  [restartedMain] o.s.b.w.c.s.WebApplicationContextInitializer - Root WebApplicationContext: initialization completed in 3190 ms
2026-05-22 14:38:45.663 INFO  [restartedMain] org.hibernate.orm.jpa - HHH008540: Processing PersistenceUnitInfo [name: default]
2026-05-22 14:38:45.768 INFO  [restartedMain] org.hibernate.orm.core - HHH000001: Hibernate ORM core version 7.2.1.Final
2026-05-22 14:38:46.499 INFO  [restartedMain] o.s.o.j.p.SpringPersistenceUnitInfo - No LoadTimeWeaver setup: ignoring JPA class transformer
2026-05-22 14:38:46.540 INFO  [restartedMain] com.zaxxer.hikari.HikariDataSource - SkyAirlinesHikariPool - Starting...
2026-05-22 14:38:47.052 INFO  [restartedMain] com.zaxxer.hikari.pool.HikariPool - SkyAirlinesHikariPool - Added connection com.mysql.cj.jdbc.ConnectionImpl@565783b8
2026-05-22 14:38:47.053 INFO  [restartedMain] com.zaxxer.hikari.HikariDataSource - SkyAirlinesHikariPool - Start completed.
2026-05-22 14:38:47.130 WARN  [restartedMain] org.hibernate.orm.deprecation - HHH90000025: MySQLDialect does not need to be specified explicitly using 'hibernate.dialect' (remove the property setting and it will be selected by default)
2026-05-22 14:38:47.155 INFO  [restartedMain] o.hibernate.orm.connections.pooling - HHH10001005: Database info:
	Database JDBC URL [jdbc:mysql://localhost:3306/course-2026-np]
	Database driver: MySQL Connector/J
	Database dialect: MySQLDialect
	Database version: 8.0.45
	Default catalog/schema: course-2026-np/undefined
	Autocommit mode: undefined/unknown
	Isolation level: REPEATABLE_READ [default REPEATABLE_READ]
	JDBC fetch size: none
	Pool: DataSourceConnectionProvider
	Minimum pool size: undefined/unknown
	Maximum pool size: undefined/unknown
2026-05-22 14:38:49.967 INFO  [restartedMain] org.hibernate.orm.core - HHH000489: No JTA platform available (set 'hibernate.transaction.jta.platform' to enable JTA platform integration)
2026-05-22 14:38:49.977 INFO  [restartedMain] org.hibernate.orm.jdbc.batch - HHH100501: Automatic JDBC statement batching enabled (maximum batch size 20)
2026-05-22 14:38:50.302 INFO  [restartedMain] o.s.o.j.LocalContainerEntityManagerFactoryBean - Initialized JPA EntityManagerFactory for persistence unit 'default'
2026-05-22 14:38:50.480 INFO  [restartedMain] o.s.d.j.r.q.QueryEnhancerFactories - Hibernate is in classpath; If applicable, HQL parser will be used.
2026-05-22 14:38:53.198 INFO  [restartedMain] o.s.s.c.a.a.c.InitializeAuthenticationProviderBeanManagerConfigurer$InitializeAuthenticationProviderManagerConfigurer - Global AuthenticationManager configured with AuthenticationProvider bean with name authenticationProvider
2026-05-22 14:38:53.198 WARN  [restartedMain] o.s.s.c.a.a.c.InitializeUserDetailsBeanManagerConfigurer$InitializeUserDetailsManagerConfigurer - Global AuthenticationManager configured with an AuthenticationProvider bean. UserDetailsService beans will not be used by Spring Security for automatically configuring username/password login. Consider removing the AuthenticationProvider bean. Alternatively, consider using the UserDetailsService in a manually instantiated DaoAuthenticationProvider. If the current configuration is intentional, to turn off this warning, increase the logging level of 'org.springframework.security.config.annotation.authentication.configuration.InitializeUserDetailsBeanManagerConfigurer' to ERROR
2026-05-22 14:38:53.235 WARN  [restartedMain] o.s.b.j.a.JpaBaseConfiguration$JpaWebConfiguration - spring.jpa.open-in-view is enabled by default. Therefore, database queries may be performed during view rendering. Explicitly configure spring.jpa.open-in-view to disable this warning
2026-05-22 14:38:53.921 INFO  [restartedMain] o.s.b.w.a.WelcomePageHandlerMapping - Adding welcome page template: index
2026-05-22 14:38:55.198 INFO  [restartedMain] o.s.b.a.e.web.EndpointLinksResolver - Exposing 1 endpoint beneath base path '/actuator'
2026-05-22 14:38:55.312 INFO  [restartedMain] o.a.coyote.http11.Http11NioProtocol - Starting ProtocolHandler ["http-nio-8080"]
2026-05-22 14:38:55.333 INFO  [restartedMain] o.s.boot.tomcat.TomcatWebServer - Tomcat started on port 8080 (http) with context path '/'
2026-05-22 14:38:55.343 INFO  [restartedMain] ua.com.kisit.course2026np.Main - Started Main in 14.419 seconds (process running for 15.816)
2026-05-22 14:38:55.481 INFO  [restartedMain] u.c.k.c.s.PasswordMigrationRunner - Усі паролі вже у форматі BCrypt — міграція не потрібна.
2026-05-22 14:38:55.870 INFO  [RMI TCP Connection(4)-192.168.56.1] o.a.c.c.C.[Tomcat].[localhost].[/] - Initializing Spring DispatcherServlet 'dispatcherServlet'
2026-05-22 14:38:55.870 INFO  [RMI TCP Connection(4)-192.168.56.1] o.s.web.servlet.DispatcherServlet - Initializing Servlet 'dispatcherServlet'
2026-05-22 14:38:55.873 INFO  [RMI TCP Connection(4)-192.168.56.1] o.s.web.servlet.DispatcherServlet - Completed initialization in 2 ms
2026-05-22 14:40:47.457 DEBUG [http-nio-8080-exec-10] u.c.k.c.controller.AuthController - Спроба реєстрації нового користувача: email=qwertyuio@gamil.com
2026-05-22 14:40:47.460 DEBUG [http-nio-8080-exec-10] u.c.k.c.service.UserService - Реєстрація нового користувача: email=qwertyuio@gamil.com, role=DISPATCHER
2026-05-22 14:40:47.528 WARN  [http-nio-8080-exec-10] u.c.k.c.service.UserService - Спроба реєстрації з існуючим email: qwertyuio@gamil.com
2026-05-22 14:51:27.115 DEBUG [http-nio-8080-exec-6] u.c.k.c.c.FlightManagerController - Перегляд списку рейсів користувачем admin@skyair.ua
2026-05-22 14:51:30.139 DEBUG [http-nio-8080-exec-7] u.c.k.c.c.TicketManagerController - Перегляд списку квитків користувачем admin@skyair.ua
2026-05-22 14:53:35.514 DEBUG [http-nio-8080-exec-1] u.c.k.c.c.PassengerManagerController - Перегляд списку пасажирів користувачем admin@skyair.ua, search=null
2026-05-22 15:08:08.664 DEBUG [http-nio-8080-exec-7] u.c.k.c.c.AircraftManagerController - Перегляд списку літаків користувачем admin@skyair.ua
2026-05-22 15:08:42.304 DEBUG [http-nio-8080-exec-10] u.c.k.c.c.AircraftManagerController - Перегляд списку літаків користувачем admin@skyair.ua
2026-05-22 15:09:24.877 DEBUG [http-nio-8080-exec-4] u.c.k.c.c.AircraftManagerController - Перегляд списку літаків користувачем admin@skyair.ua
2026-05-22 15:10:11.481 DEBUG [http-nio-8080-exec-7] u.c.k.c.c.AircraftManagerController - Перегляд списку літаків користувачем admin@skyair.ua
2026-05-22 15:10:39.105 DEBUG [http-nio-8080-exec-1] u.c.k.c.c.AircraftManagerController - Перегляд списку літаків користувачем admin@skyair.ua
2026-05-22 15:10:53.643 DEBUG [http-nio-8080-exec-2] u.c.k.c.c.FlightManagerController - Перегляд списку рейсів користувачем admin@skyair.ua
2026-05-22 15:10:55.979 DEBUG [http-nio-8080-exec-4] u.c.k.c.c.FlightManagerController - Перегляд списку рейсів користувачем admin@skyair.ua
2026-05-22 15:10:56.682 DEBUG [http-nio-8080-exec-6] u.c.k.c.c.TicketManagerController - Перегляд списку квитків користувачем admin@skyair.ua
2026-05-22 15:10:57.937 DEBUG [http-nio-8080-exec-5] u.c.k.c.c.PassengerManagerController - Перегляд списку пасажирів користувачем admin@skyair.ua, search=null
2026-05-22 15:11:01.098 DEBUG [http-nio-8080-exec-7] u.c.k.c.c.AircraftManagerController - Перегляд списку літаків користувачем admin@skyair.ua
2026-05-22 15:11:03.304 DEBUG [http-nio-8080-exec-8] u.c.k.c.c.AircraftManagerController - Перегляд списку літаків користувачем admin@skyair.ua
2026-05-22 15:11:04.847 INFO  [http-nio-8080-exec-9] u.c.k.c.c.AircraftManagerController - Перегляд списку літаків що потребують ТО користувачем admin@skyair.ua
2026-05-22 15:11:07.143 DEBUG [http-nio-8080-exec-10] u.c.k.c.c.AircraftManagerController - Перегляд списку літаків користувачем admin@skyair.ua
2026-05-22 15:11:09.836 DEBUG [http-nio-8080-exec-1] u.c.k.c.c.FlightManagerController - Перегляд списку рейсів користувачем admin@skyair.ua
2026-05-22 15:22:58.390 DEBUG [http-nio-8080-exec-7] u.c.k.c.c.FlightManagerController - Перегляд списку рейсів користувачем admin@skyair.ua
2026-05-22 15:23:58.433 DEBUG [http-nio-8080-exec-1] u.c.k.c.c.FlightManagerController - Перегляд списку рейсів користувачем admin@skyair.ua
2026-05-22 15:24:33.401 DEBUG [http-nio-8080-exec-4] u.c.k.c.c.FlightManagerController - Перегляд списку рейсів користувачем admin@skyair.ua
2026-05-22 15:31:09.952 DEBUG [http-nio-8080-exec-9] u.c.k.c.c.FlightManagerController - Перегляд списку рейсів користувачем admin@skyair.ua
2026-05-22 15:31:20.682 DEBUG [http-nio-8080-exec-1] u.c.k.c.c.FlightManagerController - Перегляд списку рейсів користувачем admin@skyair.ua
2026-05-22 15:31:21.579 DEBUG [http-nio-8080-exec-2] u.c.k.c.c.AircraftManagerController - Перегляд списку літаків користувачем admin@skyair.ua
2026-05-22 15:31:25.178 DEBUG [http-nio-8080-exec-3] u.c.k.c.c.PassengerManagerController - Перегляд списку пасажирів користувачем admin@skyair.ua, search=null
2026-05-22 15:31:27.470 DEBUG [http-nio-8080-exec-4] u.c.k.c.c.FlightManagerController - Перегляд списку рейсів користувачем admin@skyair.ua
2026-05-22 15:31:29.963 DEBUG [http-nio-8080-exec-6] u.c.k.c.c.AircraftManagerController - Перегляд списку літаків користувачем admin@skyair.ua
2026-05-22 15:31:52.942 DEBUG [http-nio-8080-exec-7] u.c.k.c.c.PassengerManagerController - Перегляд списку пасажирів користувачем admin@skyair.ua, search=null
2026-05-22 15:31:55.662 DEBUG [http-nio-8080-exec-8] u.c.k.c.c.TicketManagerController - Перегляд списку квитків користувачем admin@skyair.ua
2026-05-22 15:33:13.659 DEBUG [http-nio-8080-exec-3] u.c.k.c.c.TicketManagerController - Перегляд списку квитків користувачем admin@skyair.ua
2026-05-22 15:34:04.573 DEBUG [http-nio-8080-exec-8] u.c.k.c.c.TicketManagerController - Перегляд списку квитків користувачем admin@skyair.ua
2026-05-22 15:34:18.738 DEBUG [http-nio-8080-exec-10] u.c.k.c.c.TicketManagerController - Перегляд списку квитків користувачем admin@skyair.ua
2026-05-22 15:57:30.940 INFO  [SpringApplicationShutdownHook] o.s.boot.tomcat.GracefulShutdown - Commencing graceful shutdown. Waiting for active requests to complete
2026-05-22 15:57:30.950 INFO  [tomcat-shutdown] o.s.boot.tomcat.GracefulShutdown - Graceful shutdown complete
2026-05-22 15:57:30.966 INFO  [SpringApplicationShutdownHook] o.s.o.j.LocalContainerEntityManagerFactoryBean - Closing JPA EntityManagerFactory for persistence unit 'default'
2026-05-22 15:57:30.978 INFO  [SpringApplicationShutdownHook] com.zaxxer.hikari.HikariDataSource - SkyAirlinesHikariPool - Shutdown initiated...
2026-05-22 15:57:30.980 INFO  [SpringApplicationShutdownHook] com.zaxxer.hikari.HikariDataSource - SkyAirlinesHikariPool - Shutdown completed.
2026-05-22 15:57:41.533 INFO  [restartedMain] ua.com.kisit.course2026np.Main - Starting Main using Java 24.0.2 with PID 9596 (D:\ООП\practica\git\course-2026-np\target\classes started by User in D:\ООП\practica\git\course-2026-np)
2026-05-22 15:57:41.538 DEBUG [restartedMain] ua.com.kisit.course2026np.Main - Running with Spring Boot v4.0.2, Spring v7.0.3
2026-05-22 15:57:41.539 INFO  [restartedMain] ua.com.kisit.course2026np.Main - No active profile set, falling back to 1 default profile: "default"
2026-05-22 15:57:41.621 INFO  [restartedMain] o.s.b.d.e.DevToolsPropertyDefaultsPostProcessor - Devtools property defaults active! Set 'spring.devtools.add-properties' to 'false' to disable
2026-05-22 15:57:41.621 INFO  [restartedMain] o.s.b.d.e.DevToolsPropertyDefaultsPostProcessor - For additional web related logging consider setting the 'logging.level.web' property to 'DEBUG'
2026-05-22 15:57:41.811 INFO  [background-preinit] o.h.validator.internal.util.Version - HV000001: Hibernate Validator 9.0.1.Final
2026-05-22 15:57:43.135 INFO  [restartedMain] o.s.d.r.c.RepositoryConfigurationDelegate - Multiple Spring Data modules found, entering strict repository configuration mode
2026-05-22 15:57:43.136 INFO  [restartedMain] o.s.d.r.c.RepositoryConfigurationDelegate - Bootstrapping Spring Data JDBC repositories in DEFAULT mode.
2026-05-22 15:57:43.180 INFO  [restartedMain] o.s.d.r.c.RepositoryConfigurationExtensionSupport - Spring Data JDBC - Could not safely identify store assignment for repository candidate interface ua.com.kisit.course2026np.repository.AircraftRepository; If you want this repository to be a JDBC repository, consider annotating your entities with one of these annotations: org.springframework.data.relational.core.mapping.Table.
2026-05-22 15:57:43.181 INFO  [restartedMain] o.s.d.r.c.RepositoryConfigurationExtensionSupport - Spring Data JDBC - Could not safely identify store assignment for repository candidate interface ua.com.kisit.course2026np.repository.CrewMemberRepository; If you want this repository to be a JDBC repository, consider annotating your entities with one of these annotations: org.springframework.data.relational.core.mapping.Table.
2026-05-22 15:57:43.182 INFO  [restartedMain] o.s.d.r.c.RepositoryConfigurationExtensionSupport - Spring Data JDBC - Could not safely identify store assignment for repository candidate interface ua.com.kisit.course2026np.repository.CrewRepository; If you want this repository to be a JDBC repository, consider annotating your entities with one of these annotations: org.springframework.data.relational.core.mapping.Table.
2026-05-22 15:57:43.183 INFO  [restartedMain] o.s.d.r.c.RepositoryConfigurationExtensionSupport - Spring Data JDBC - Could not safely identify store assignment for repository candidate interface ua.com.kisit.course2026np.repository.FlightRepository; If you want this repository to be a JDBC repository, consider annotating your entities with one of these annotations: org.springframework.data.relational.core.mapping.Table.
2026-05-22 15:57:43.185 INFO  [restartedMain] o.s.d.r.c.RepositoryConfigurationExtensionSupport - Spring Data JDBC - Could not safely identify store assignment for repository candidate interface ua.com.kisit.course2026np.repository.PassengerRepository; If you want this repository to be a JDBC repository, consider annotating your entities with one of these annotations: org.springframework.data.relational.core.mapping.Table.
2026-05-22 15:57:43.186 INFO  [restartedMain] o.s.d.r.c.RepositoryConfigurationExtensionSupport - Spring Data JDBC - Could not safely identify store assignment for repository candidate interface ua.com.kisit.course2026np.repository.TicketRepository; If you want this repository to be a JDBC repository, consider annotating your entities with one of these annotations: org.springframework.data.relational.core.mapping.Table.
2026-05-22 15:57:43.187 INFO  [restartedMain] o.s.d.r.c.RepositoryConfigurationExtensionSupport - Spring Data JDBC - Could not safely identify store assignment for repository candidate interface ua.com.kisit.course2026np.repository.UserRepository; If you want this repository to be a JDBC repository, consider annotating your entities with one of these annotations: org.springframework.data.relational.core.mapping.Table.
2026-05-22 15:57:43.188 INFO  [restartedMain] o.s.d.r.c.RepositoryConfigurationDelegate - Finished Spring Data repository scanning in 43 ms. Found 0 JDBC repository interfaces.
2026-05-22 15:57:43.201 INFO  [restartedMain] o.s.d.r.c.RepositoryConfigurationDelegate - Multiple Spring Data modules found, entering strict repository configuration mode
2026-05-22 15:57:43.202 INFO  [restartedMain] o.s.d.r.c.RepositoryConfigurationDelegate - Bootstrapping Spring Data JPA repositories in DEFAULT mode.
2026-05-22 15:57:43.246 INFO  [restartedMain] o.s.d.r.c.RepositoryConfigurationDelegate - Finished Spring Data repository scanning in 37 ms. Found 7 JPA repository interfaces.
2026-05-22 15:57:44.153 INFO  [restartedMain] o.s.boot.tomcat.TomcatWebServer - Tomcat initialized with port 8080 (http)
2026-05-22 15:57:44.168 INFO  [restartedMain] o.a.coyote.http11.Http11NioProtocol - Initializing ProtocolHandler ["http-nio-8080"]
2026-05-22 15:57:44.170 INFO  [restartedMain] o.a.catalina.core.StandardService - Starting service [Tomcat]
2026-05-22 15:57:44.171 INFO  [restartedMain] o.a.catalina.core.StandardEngine - Starting Servlet engine: [Apache Tomcat/11.0.15]
2026-05-22 15:57:44.231 INFO  [restartedMain] o.s.b.w.c.s.WebApplicationContextInitializer - Root WebApplicationContext: initialization completed in 2608 ms
2026-05-22 15:57:44.450 WARN  [restartedMain] o.a.c.c.C.[Tomcat].[localhost].[/] - Cannot deserialize session attribute [SPRING_SECURITY_CONTEXT] for session [76EA2C1B84C839B4ED64EBD4D46525A6]
2026-05-22 15:57:44.651 INFO  [restartedMain] org.hibernate.orm.jpa - HHH008540: Processing PersistenceUnitInfo [name: default]
2026-05-22 15:57:44.747 INFO  [restartedMain] org.hibernate.orm.core - HHH000001: Hibernate ORM core version 7.2.1.Final
2026-05-22 15:57:45.502 INFO  [restartedMain] o.s.o.j.p.SpringPersistenceUnitInfo - No LoadTimeWeaver setup: ignoring JPA class transformer
2026-05-22 15:57:45.551 INFO  [restartedMain] com.zaxxer.hikari.HikariDataSource - SkyAirlinesHikariPool - Starting...
2026-05-22 15:57:46.290 INFO  [restartedMain] com.zaxxer.hikari.pool.HikariPool - SkyAirlinesHikariPool - Added connection com.mysql.cj.jdbc.ConnectionImpl@424be6df
2026-05-22 15:57:46.292 INFO  [restartedMain] com.zaxxer.hikari.HikariDataSource - SkyAirlinesHikariPool - Start completed.
2026-05-22 15:57:46.377 WARN  [restartedMain] org.hibernate.orm.deprecation - HHH90000025: MySQLDialect does not need to be specified explicitly using 'hibernate.dialect' (remove the property setting and it will be selected by default)
2026-05-22 15:57:46.405 INFO  [restartedMain] o.hibernate.orm.connections.pooling - HHH10001005: Database info:
	Database JDBC URL [jdbc:mysql://localhost:3306/course-2026-np]
	Database driver: MySQL Connector/J
	Database dialect: MySQLDialect
	Database version: 8.0.45
	Default catalog/schema: course-2026-np/undefined
	Autocommit mode: undefined/unknown
	Isolation level: REPEATABLE_READ [default REPEATABLE_READ]
	JDBC fetch size: none
	Pool: DataSourceConnectionProvider
	Minimum pool size: undefined/unknown
	Maximum pool size: undefined/unknown
2026-05-22 15:57:48.103 INFO  [restartedMain] org.hibernate.orm.core - HHH000489: No JTA platform available (set 'hibernate.transaction.jta.platform' to enable JTA platform integration)
2026-05-22 15:57:48.108 INFO  [restartedMain] org.hibernate.orm.jdbc.batch - HHH100501: Automatic JDBC statement batching enabled (maximum batch size 20)
2026-05-22 15:57:48.364 INFO  [restartedMain] o.s.o.j.LocalContainerEntityManagerFactoryBean - Initialized JPA EntityManagerFactory for persistence unit 'default'
2026-05-22 15:57:48.542 INFO  [restartedMain] o.s.d.j.r.q.QueryEnhancerFactories - Hibernate is in classpath; If applicable, HQL parser will be used.
2026-05-22 15:57:50.786 INFO  [restartedMain] o.s.s.c.a.a.c.InitializeAuthenticationProviderBeanManagerConfigurer$InitializeAuthenticationProviderManagerConfigurer - Global AuthenticationManager configured with AuthenticationProvider bean with name authenticationProvider
2026-05-22 15:57:50.786 WARN  [restartedMain] o.s.s.c.a.a.c.InitializeUserDetailsBeanManagerConfigurer$InitializeUserDetailsManagerConfigurer - Global AuthenticationManager configured with an AuthenticationProvider bean. UserDetailsService beans will not be used by Spring Security for automatically configuring username/password login. Consider removing the AuthenticationProvider bean. Alternatively, consider using the UserDetailsService in a manually instantiated DaoAuthenticationProvider. If the current configuration is intentional, to turn off this warning, increase the logging level of 'org.springframework.security.config.annotation.authentication.configuration.InitializeUserDetailsBeanManagerConfigurer' to ERROR
2026-05-22 15:57:50.817 WARN  [restartedMain] o.s.b.j.a.JpaBaseConfiguration$JpaWebConfiguration - spring.jpa.open-in-view is enabled by default. Therefore, database queries may be performed during view rendering. Explicitly configure spring.jpa.open-in-view to disable this warning
2026-05-22 15:57:51.269 INFO  [restartedMain] o.s.b.w.a.WelcomePageHandlerMapping - Adding welcome page template: index
2026-05-22 15:57:52.516 INFO  [restartedMain] o.s.b.a.e.web.EndpointLinksResolver - Exposing 1 endpoint beneath base path '/actuator'
2026-05-22 15:57:52.705 INFO  [restartedMain] o.a.coyote.http11.Http11NioProtocol - Starting ProtocolHandler ["http-nio-8080"]
2026-05-22 15:57:52.731 INFO  [restartedMain] o.s.boot.tomcat.TomcatWebServer - Tomcat started on port 8080 (http) with context path '/'
2026-05-22 15:57:52.749 INFO  [restartedMain] ua.com.kisit.course2026np.Main - Started Main in 12.422 seconds (process running for 13.72)
2026-05-22 15:57:52.914 INFO  [restartedMain] u.c.k.c.s.PasswordMigrationRunner - Усі паролі вже у форматі BCrypt — міграція не потрібна.
2026-05-22 15:57:53.400 INFO  [RMI TCP Connection(1)-192.168.56.1] o.a.c.c.C.[Tomcat].[localhost].[/] - Initializing Spring DispatcherServlet 'dispatcherServlet'
2026-05-22 15:57:53.401 INFO  [RMI TCP Connection(1)-192.168.56.1] o.s.web.servlet.DispatcherServlet - Initializing Servlet 'dispatcherServlet'
2026-05-22 15:57:53.404 INFO  [RMI TCP Connection(1)-192.168.56.1] o.s.web.servlet.DispatcherServlet - Completed initialization in 3 ms
2026-05-22 16:00:36.972 INFO  [SpringApplicationShutdownHook] o.s.boot.tomcat.GracefulShutdown - Commencing graceful shutdown. Waiting for active requests to complete
2026-05-22 16:00:36.977 INFO  [tomcat-shutdown] o.s.boot.tomcat.GracefulShutdown - Graceful shutdown complete
2026-05-22 16:00:36.988 INFO  [SpringApplicationShutdownHook] o.s.o.j.LocalContainerEntityManagerFactoryBean - Closing JPA EntityManagerFactory for persistence unit 'default'
2026-05-22 16:00:36.994 INFO  [SpringApplicationShutdownHook] com.zaxxer.hikari.HikariDataSource - SkyAirlinesHikariPool - Shutdown initiated...
2026-05-22 16:00:37.000 INFO  [SpringApplicationShutdownHook] com.zaxxer.hikari.HikariDataSource - SkyAirlinesHikariPool - Shutdown completed.
2026-05-22 16:00:46.118 INFO  [restartedMain] ua.com.kisit.course2026np.Main - Starting Main using Java 24.0.2 with PID 19400 (D:\ООП\practica\git\course-2026-np\target\classes started by User in D:\ООП\practica\git\course-2026-np)
2026-05-22 16:00:46.122 DEBUG [restartedMain] ua.com.kisit.course2026np.Main - Running with Spring Boot v4.0.2, Spring v7.0.3
2026-05-22 16:00:46.123 INFO  [restartedMain] ua.com.kisit.course2026np.Main - No active profile set, falling back to 1 default profile: "default"
2026-05-22 16:00:46.181 INFO  [restartedMain] o.s.b.d.e.DevToolsPropertyDefaultsPostProcessor - Devtools property defaults active! Set 'spring.devtools.add-properties' to 'false' to disable
2026-05-22 16:00:46.182 INFO  [restartedMain] o.s.b.d.e.DevToolsPropertyDefaultsPostProcessor - For additional web related logging consider setting the 'logging.level.web' property to 'DEBUG'
2026-05-22 16:00:46.340 INFO  [background-preinit] o.h.validator.internal.util.Version - HV000001: Hibernate Validator 9.0.1.Final
2026-05-22 16:00:47.364 INFO  [restartedMain] o.s.d.r.c.RepositoryConfigurationDelegate - Multiple Spring Data modules found, entering strict repository configuration mode
2026-05-22 16:00:47.366 INFO  [restartedMain] o.s.d.r.c.RepositoryConfigurationDelegate - Bootstrapping Spring Data JDBC repositories in DEFAULT mode.
2026-05-22 16:00:47.409 INFO  [restartedMain] o.s.d.r.c.RepositoryConfigurationExtensionSupport - Spring Data JDBC - Could not safely identify store assignment for repository candidate interface ua.com.kisit.course2026np.repository.AircraftRepository; If you want this repository to be a JDBC repository, consider annotating your entities with one of these annotations: org.springframework.data.relational.core.mapping.Table.
2026-05-22 16:00:47.411 INFO  [restartedMain] o.s.d.r.c.RepositoryConfigurationExtensionSupport - Spring Data JDBC - Could not safely identify store assignment for repository candidate interface ua.com.kisit.course2026np.repository.CrewMemberRepository; If you want this repository to be a JDBC repository, consider annotating your entities with one of these annotations: org.springframework.data.relational.core.mapping.Table.
2026-05-22 16:00:47.412 INFO  [restartedMain] o.s.d.r.c.RepositoryConfigurationExtensionSupport - Spring Data JDBC - Could not safely identify store assignment for repository candidate interface ua.com.kisit.course2026np.repository.CrewRepository; If you want this repository to be a JDBC repository, consider annotating your entities with one of these annotations: org.springframework.data.relational.core.mapping.Table.
2026-05-22 16:00:47.414 INFO  [restartedMain] o.s.d.r.c.RepositoryConfigurationExtensionSupport - Spring Data JDBC - Could not safely identify store assignment for repository candidate interface ua.com.kisit.course2026np.repository.FlightRepository; If you want this repository to be a JDBC repository, consider annotating your entities with one of these annotations: org.springframework.data.relational.core.mapping.Table.
2026-05-22 16:00:47.415 INFO  [restartedMain] o.s.d.r.c.RepositoryConfigurationExtensionSupport - Spring Data JDBC - Could not safely identify store assignment for repository candidate interface ua.com.kisit.course2026np.repository.PassengerRepository; If you want this repository to be a JDBC repository, consider annotating your entities with one of these annotations: org.springframework.data.relational.core.mapping.Table.
2026-05-22 16:00:47.416 INFO  [restartedMain] o.s.d.r.c.RepositoryConfigurationExtensionSupport - Spring Data JDBC - Could not safely identify store assignment for repository candidate interface ua.com.kisit.course2026np.repository.TicketRepository; If you want this repository to be a JDBC repository, consider annotating your entities with one of these annotations: org.springframework.data.relational.core.mapping.Table.
2026-05-22 16:00:47.418 INFO  [restartedMain] o.s.d.r.c.RepositoryConfigurationExtensionSupport - Spring Data JDBC - Could not safely identify store assignment for repository candidate interface ua.com.kisit.course2026np.repository.UserRepository; If you want this repository to be a JDBC repository, consider annotating your entities with one of these annotations: org.springframework.data.relational.core.mapping.Table.
2026-05-22 16:00:47.419 INFO  [restartedMain] o.s.d.r.c.RepositoryConfigurationDelegate - Finished Spring Data repository scanning in 45 ms. Found 0 JDBC repository interfaces.
2026-05-22 16:00:47.431 INFO  [restartedMain] o.s.d.r.c.RepositoryConfigurationDelegate - Multiple Spring Data modules found, entering strict repository configuration mode
2026-05-22 16:00:47.432 INFO  [restartedMain] o.s.d.r.c.RepositoryConfigurationDelegate - Bootstrapping Spring Data JPA repositories in DEFAULT mode.
2026-05-22 16:00:47.476 INFO  [restartedMain] o.s.d.r.c.RepositoryConfigurationDelegate - Finished Spring Data repository scanning in 38 ms. Found 7 JPA repository interfaces.
2026-05-22 16:00:48.458 INFO  [restartedMain] o.s.boot.tomcat.TomcatWebServer - Tomcat initialized with port 8080 (http)
2026-05-22 16:00:48.475 INFO  [restartedMain] o.a.coyote.http11.Http11NioProtocol - Initializing ProtocolHandler ["http-nio-8080"]
2026-05-22 16:00:48.478 INFO  [restartedMain] o.a.catalina.core.StandardService - Starting service [Tomcat]
2026-05-22 16:00:48.478 INFO  [restartedMain] o.a.catalina.core.StandardEngine - Starting Servlet engine: [Apache Tomcat/11.0.15]
2026-05-22 16:00:48.554 INFO  [restartedMain] o.s.b.w.c.s.WebApplicationContextInitializer - Root WebApplicationContext: initialization completed in 2372 ms
2026-05-22 16:00:48.787 WARN  [restartedMain] o.a.c.c.C.[Tomcat].[localhost].[/] - Cannot deserialize session attribute [SPRING_SECURITY_CONTEXT] for session [0C289ECADB1C4F001FB88F1DC5F98100]
2026-05-22 16:00:48.951 INFO  [restartedMain] org.hibernate.orm.jpa - HHH008540: Processing PersistenceUnitInfo [name: default]
2026-05-22 16:00:49.018 INFO  [restartedMain] org.hibernate.orm.core - HHH000001: Hibernate ORM core version 7.2.1.Final
2026-05-22 16:00:49.804 INFO  [restartedMain] o.s.o.j.p.SpringPersistenceUnitInfo - No LoadTimeWeaver setup: ignoring JPA class transformer
2026-05-22 16:00:49.857 INFO  [restartedMain] com.zaxxer.hikari.HikariDataSource - SkyAirlinesHikariPool - Starting...
2026-05-22 16:00:50.367 INFO  [restartedMain] com.zaxxer.hikari.pool.HikariPool - SkyAirlinesHikariPool - Added connection com.mysql.cj.jdbc.ConnectionImpl@7d8b54b9
2026-05-22 16:00:50.369 INFO  [restartedMain] com.zaxxer.hikari.HikariDataSource - SkyAirlinesHikariPool - Start completed.
2026-05-22 16:00:50.445 WARN  [restartedMain] org.hibernate.orm.deprecation - HHH90000025: MySQLDialect does not need to be specified explicitly using 'hibernate.dialect' (remove the property setting and it will be selected by default)
2026-05-22 16:00:50.468 INFO  [restartedMain] o.hibernate.orm.connections.pooling - HHH10001005: Database info:
	Database JDBC URL [jdbc:mysql://localhost:3306/course-2026-np]
	Database driver: MySQL Connector/J
	Database dialect: MySQLDialect
	Database version: 8.0.45
	Default catalog/schema: course-2026-np/undefined
	Autocommit mode: undefined/unknown
	Isolation level: REPEATABLE_READ [default REPEATABLE_READ]
	JDBC fetch size: none
	Pool: DataSourceConnectionProvider
	Minimum pool size: undefined/unknown
	Maximum pool size: undefined/unknown
2026-05-22 16:00:52.322 INFO  [restartedMain] org.hibernate.orm.core - HHH000489: No JTA platform available (set 'hibernate.transaction.jta.platform' to enable JTA platform integration)
2026-05-22 16:00:52.327 INFO  [restartedMain] org.hibernate.orm.jdbc.batch - HHH100501: Automatic JDBC statement batching enabled (maximum batch size 20)
2026-05-22 16:00:52.559 INFO  [restartedMain] o.s.o.j.LocalContainerEntityManagerFactoryBean - Initialized JPA EntityManagerFactory for persistence unit 'default'
2026-05-22 16:00:52.752 INFO  [restartedMain] o.s.d.j.r.q.QueryEnhancerFactories - Hibernate is in classpath; If applicable, HQL parser will be used.
2026-05-22 16:00:55.237 INFO  [restartedMain] o.s.s.c.a.a.c.InitializeAuthenticationProviderBeanManagerConfigurer$InitializeAuthenticationProviderManagerConfigurer - Global AuthenticationManager configured with AuthenticationProvider bean with name authenticationProvider
2026-05-22 16:00:55.238 WARN  [restartedMain] o.s.s.c.a.a.c.InitializeUserDetailsBeanManagerConfigurer$InitializeUserDetailsManagerConfigurer - Global AuthenticationManager configured with an AuthenticationProvider bean. UserDetailsService beans will not be used by Spring Security for automatically configuring username/password login. Consider removing the AuthenticationProvider bean. Alternatively, consider using the UserDetailsService in a manually instantiated DaoAuthenticationProvider. If the current configuration is intentional, to turn off this warning, increase the logging level of 'org.springframework.security.config.annotation.authentication.configuration.InitializeUserDetailsBeanManagerConfigurer' to ERROR
2026-05-22 16:00:55.278 WARN  [restartedMain] o.s.b.j.a.JpaBaseConfiguration$JpaWebConfiguration - spring.jpa.open-in-view is enabled by default. Therefore, database queries may be performed during view rendering. Explicitly configure spring.jpa.open-in-view to disable this warning
2026-05-22 16:00:55.774 INFO  [restartedMain] o.s.b.w.a.WelcomePageHandlerMapping - Adding welcome page template: index
2026-05-22 16:00:56.964 INFO  [restartedMain] o.s.b.a.e.web.EndpointLinksResolver - Exposing 1 endpoint beneath base path '/actuator'
2026-05-22 16:00:57.120 INFO  [restartedMain] o.a.coyote.http11.Http11NioProtocol - Starting ProtocolHandler ["http-nio-8080"]
2026-05-22 16:00:57.148 INFO  [restartedMain] o.s.boot.tomcat.TomcatWebServer - Tomcat started on port 8080 (http) with context path '/'
2026-05-22 16:00:57.158 INFO  [restartedMain] ua.com.kisit.course2026np.Main - Started Main in 11.816 seconds (process running for 12.869)
2026-05-22 16:00:57.319 INFO  [restartedMain] u.c.k.c.s.PasswordMigrationRunner - Усі паролі вже у форматі BCrypt — міграція не потрібна.
2026-05-22 16:00:57.753 INFO  [RMI TCP Connection(1)-192.168.56.1] o.a.c.c.C.[Tomcat].[localhost].[/] - Initializing Spring DispatcherServlet 'dispatcherServlet'
2026-05-22 16:00:57.753 INFO  [RMI TCP Connection(1)-192.168.56.1] o.s.web.servlet.DispatcherServlet - Initializing Servlet 'dispatcherServlet'
2026-05-22 16:00:57.756 INFO  [RMI TCP Connection(1)-192.168.56.1] o.s.web.servlet.DispatcherServlet - Completed initialization in 3 ms
2026-05-22 16:01:42.805 WARN  [http-nio-8080-exec-1] u.c.k.c.controller.BookingController - Не вдалось оформити квиток для qwertyuio@gamil.com: Квиток з номером TK-1234567 вже існує
2026-05-22 16:02:09.810 INFO  [http-nio-8080-exec-5] u.c.k.c.controller.BookingController - Користувач qwertyuio@gamil.com оформив квиток TK-1754896 на рейс LH-890
2026-05-22 16:03:33.981 INFO  [http-nio-8080-exec-2] u.c.k.c.controller.BookingController - Користувач qwertyuio@gamil.com оформив квиток TK-2345678 на рейс SA-606
2026-05-22 16:09:45.848 DEBUG [http-nio-8080-exec-8] u.c.k.c.c.FlightManagerController - Перегляд списку рейсів користувачем admin@skyair.ua
2026-05-22 16:15:28.593 DEBUG [http-nio-8080-exec-5] u.c.k.c.c.FlightManagerController - Перегляд списку рейсів користувачем admin@skyair.ua
2026-05-22 16:15:32.397 DEBUG [http-nio-8080-exec-6] u.c.k.c.c.FlightManagerController - Перегляд списку рейсів користувачем admin@skyair.ua
2026-05-22 16:15:47.925 DEBUG [http-nio-8080-exec-9] u.c.k.c.c.FlightManagerController - Перегляд списку рейсів користувачем admin@skyair.ua
2026-05-22 16:15:51.965 INFO  [http-nio-8080-exec-10] org.hibernate.orm.jdbc.batch - HHH100503: JDBC batch still contained JDBC statements on release
2026-05-22 16:15:51.969 WARN  [http-nio-8080-exec-10] org.hibernate.orm.jdbc.error - HHH000247: ErrorCode: 1451, SQLState: 23000
2026-05-22 16:15:51.969 WARN  [http-nio-8080-exec-10] org.hibernate.orm.jdbc.error - Cannot delete or update a parent row: a foreign key constraint fails (`course-2026-np`.`tickets`, CONSTRAINT `FKtdayegtd891qq5xm0axfbckvy` FOREIGN KEY (`flight_id`) REFERENCES `flights` (`id`))
2026-05-22 16:15:51.980 WARN  [http-nio-8080-exec-10] u.c.k.c.c.FlightManagerController - Помилка видалення рейсу id=2: could not execute batch [Cannot delete or update a parent row: a foreign key constraint fails (`course-2026-np`.`tickets`, CONSTRAINT `FKtdayegtd891qq5xm0axfbckvy` FOREIGN KEY (`flight_id`) REFERENCES `flights` (`id`))] [delete from flights where id=?]; SQL [delete from flights where id=?]; constraint [FKtdayegtd891qq5xm0axfbckvy]
2026-05-22 16:15:51.989 DEBUG [http-nio-8080-exec-2] u.c.k.c.c.FlightManagerController - Перегляд списку рейсів користувачем admin@skyair.ua
2026-05-22 16:15:55.369 INFO  [http-nio-8080-exec-1] org.hibernate.orm.jdbc.batch - HHH100503: JDBC batch still contained JDBC statements on release
2026-05-22 16:15:55.369 WARN  [http-nio-8080-exec-1] org.hibernate.orm.jdbc.error - HHH000247: ErrorCode: 1451, SQLState: 23000
2026-05-22 16:15:55.369 WARN  [http-nio-8080-exec-1] org.hibernate.orm.jdbc.error - Cannot delete or update a parent row: a foreign key constraint fails (`course-2026-np`.`tickets`, CONSTRAINT `FKtdayegtd891qq5xm0axfbckvy` FOREIGN KEY (`flight_id`) REFERENCES `flights` (`id`))
2026-05-22 16:15:55.374 WARN  [http-nio-8080-exec-1] u.c.k.c.c.FlightManagerController - Помилка видалення рейсу id=3: could not execute batch [Cannot delete or update a parent row: a foreign key constraint fails (`course-2026-np`.`tickets`, CONSTRAINT `FKtdayegtd891qq5xm0axfbckvy` FOREIGN KEY (`flight_id`) REFERENCES `flights` (`id`))] [delete from flights where id=?]; SQL [delete from flights where id=?]; constraint [FKtdayegtd891qq5xm0axfbckvy]
2026-05-22 16:15:55.383 DEBUG [http-nio-8080-exec-4] u.c.k.c.c.FlightManagerController - Перегляд списку рейсів користувачем admin@skyair.ua
2026-05-22 16:15:58.075 DEBUG [http-nio-8080-exec-3] u.c.k.c.c.FlightManagerController - Перегляд списку рейсів користувачем admin@skyair.ua
2026-05-22 16:15:59.262 DEBUG [http-nio-8080-exec-5] u.c.k.c.c.FlightManagerController - Перегляд списку рейсів користувачем admin@skyair.ua
2026-05-22 16:15:59.924 DEBUG [http-nio-8080-exec-6] u.c.k.c.c.FlightManagerController - Перегляд списку рейсів користувачем admin@skyair.ua
2026-05-22 16:16:00.380 DEBUG [http-nio-8080-exec-7] u.c.k.c.c.FlightManagerController - Перегляд списку рейсів користувачем admin@skyair.ua
2026-05-22 16:16:00.703 DEBUG [http-nio-8080-exec-8] u.c.k.c.c.FlightManagerController - Перегляд списку рейсів користувачем admin@skyair.ua
2026-05-22 16:16:21.166 DEBUG [http-nio-8080-exec-9] u.c.k.c.c.FlightManagerController - Перегляд списку рейсів користувачем admin@skyair.ua
2026-05-22 16:16:22.702 DEBUG [http-nio-8080-exec-10] u.c.k.c.c.FlightManagerController - Перегляд списку рейсів користувачем admin@skyair.ua
2026-05-22 16:16:24.035 DEBUG [http-nio-8080-exec-2] u.c.k.c.c.FlightManagerController - Перегляд списку рейсів користувачем admin@skyair.ua
2026-05-22 16:16:33.019 INFO  [SpringApplicationShutdownHook] o.s.boot.tomcat.GracefulShutdown - Commencing graceful shutdown. Waiting for active requests to complete
2026-05-22 16:16:33.025 INFO  [tomcat-shutdown] o.s.boot.tomcat.GracefulShutdown - Graceful shutdown complete
2026-05-22 16:16:33.038 INFO  [SpringApplicationShutdownHook] o.s.o.j.LocalContainerEntityManagerFactoryBean - Closing JPA EntityManagerFactory for persistence unit 'default'
2026-05-22 16:16:33.044 INFO  [SpringApplicationShutdownHook] com.zaxxer.hikari.HikariDataSource - SkyAirlinesHikariPool - Shutdown initiated...
2026-05-22 16:16:33.050 INFO  [SpringApplicationShutdownHook] com.zaxxer.hikari.HikariDataSource - SkyAirlinesHikariPool - Shutdown completed.
2026-05-22 16:16:38.160 INFO  [restartedMain] ua.com.kisit.course2026np.Main - Starting Main using Java 24.0.2 with PID 9312 (D:\ООП\practica\git\course-2026-np\target\classes started by User in D:\ООП\practica\git\course-2026-np)
2026-05-22 16:16:38.164 DEBUG [restartedMain] ua.com.kisit.course2026np.Main - Running with Spring Boot v4.0.2, Spring v7.0.3
2026-05-22 16:16:38.165 INFO  [restartedMain] ua.com.kisit.course2026np.Main - No active profile set, falling back to 1 default profile: "default"
2026-05-22 16:16:38.249 INFO  [restartedMain] o.s.b.d.e.DevToolsPropertyDefaultsPostProcessor - Devtools property defaults active! Set 'spring.devtools.add-properties' to 'false' to disable
2026-05-22 16:16:38.250 INFO  [restartedMain] o.s.b.d.e.DevToolsPropertyDefaultsPostProcessor - For additional web related logging consider setting the 'logging.level.web' property to 'DEBUG'
2026-05-22 16:16:38.429 INFO  [background-preinit] o.h.validator.internal.util.Version - HV000001: Hibernate Validator 9.0.1.Final
2026-05-22 16:16:39.423 INFO  [restartedMain] o.s.d.r.c.RepositoryConfigurationDelegate - Multiple Spring Data modules found, entering strict repository configuration mode
2026-05-22 16:16:39.426 INFO  [restartedMain] o.s.d.r.c.RepositoryConfigurationDelegate - Bootstrapping Spring Data JDBC repositories in DEFAULT mode.
2026-05-22 16:16:39.476 INFO  [restartedMain] o.s.d.r.c.RepositoryConfigurationExtensionSupport - Spring Data JDBC - Could not safely identify store assignment for repository candidate interface ua.com.kisit.course2026np.repository.AircraftRepository; If you want this repository to be a JDBC repository, consider annotating your entities with one of these annotations: org.springframework.data.relational.core.mapping.Table.
2026-05-22 16:16:39.479 INFO  [restartedMain] o.s.d.r.c.RepositoryConfigurationExtensionSupport - Spring Data JDBC - Could not safely identify store assignment for repository candidate interface ua.com.kisit.course2026np.repository.CrewMemberRepository; If you want this repository to be a JDBC repository, consider annotating your entities with one of these annotations: org.springframework.data.relational.core.mapping.Table.
2026-05-22 16:16:39.480 INFO  [restartedMain] o.s.d.r.c.RepositoryConfigurationExtensionSupport - Spring Data JDBC - Could not safely identify store assignment for repository candidate interface ua.com.kisit.course2026np.repository.CrewRepository; If you want this repository to be a JDBC repository, consider annotating your entities with one of these annotations: org.springframework.data.relational.core.mapping.Table.
2026-05-22 16:16:39.481 INFO  [restartedMain] o.s.d.r.c.RepositoryConfigurationExtensionSupport - Spring Data JDBC - Could not safely identify store assignment for repository candidate interface ua.com.kisit.course2026np.repository.FlightRepository; If you want this repository to be a JDBC repository, consider annotating your entities with one of these annotations: org.springframework.data.relational.core.mapping.Table.
2026-05-22 16:16:39.482 INFO  [restartedMain] o.s.d.r.c.RepositoryConfigurationExtensionSupport - Spring Data JDBC - Could not safely identify store assignment for repository candidate interface ua.com.kisit.course2026np.repository.PassengerRepository; If you want this repository to be a JDBC repository, consider annotating your entities with one of these annotations: org.springframework.data.relational.core.mapping.Table.
2026-05-22 16:16:39.484 INFO  [restartedMain] o.s.d.r.c.RepositoryConfigurationExtensionSupport - Spring Data JDBC - Could not safely identify store assignment for repository candidate interface ua.com.kisit.course2026np.repository.TicketRepository; If you want this repository to be a JDBC repository, consider annotating your entities with one of these annotations: org.springframework.data.relational.core.mapping.Table.
2026-05-22 16:16:39.485 INFO  [restartedMain] o.s.d.r.c.RepositoryConfigurationExtensionSupport - Spring Data JDBC - Could not safely identify store assignment for repository candidate interface ua.com.kisit.course2026np.repository.UserRepository; If you want this repository to be a JDBC repository, consider annotating your entities with one of these annotations: org.springframework.data.relational.core.mapping.Table.
2026-05-22 16:16:39.485 INFO  [restartedMain] o.s.d.r.c.RepositoryConfigurationDelegate - Finished Spring Data repository scanning in 50 ms. Found 0 JDBC repository interfaces.
2026-05-22 16:16:39.497 INFO  [restartedMain] o.s.d.r.c.RepositoryConfigurationDelegate - Multiple Spring Data modules found, entering strict repository configuration mode
2026-05-22 16:16:39.498 INFO  [restartedMain] o.s.d.r.c.RepositoryConfigurationDelegate - Bootstrapping Spring Data JPA repositories in DEFAULT mode.
2026-05-22 16:16:39.552 INFO  [restartedMain] o.s.d.r.c.RepositoryConfigurationDelegate - Finished Spring Data repository scanning in 45 ms. Found 7 JPA repository interfaces.
2026-05-22 16:16:40.824 INFO  [restartedMain] o.s.boot.tomcat.TomcatWebServer - Tomcat initialized with port 8080 (http)
2026-05-22 16:16:40.840 INFO  [restartedMain] o.a.coyote.http11.Http11NioProtocol - Initializing ProtocolHandler ["http-nio-8080"]
2026-05-22 16:16:40.841 INFO  [restartedMain] o.a.catalina.core.StandardService - Starting service [Tomcat]
2026-05-22 16:16:40.842 INFO  [restartedMain] o.a.catalina.core.StandardEngine - Starting Servlet engine: [Apache Tomcat/11.0.15]
2026-05-22 16:16:40.912 INFO  [restartedMain] o.s.b.w.c.s.WebApplicationContextInitializer - Root WebApplicationContext: initialization completed in 2660 ms
2026-05-22 16:16:41.138 WARN  [restartedMain] o.a.c.c.C.[Tomcat].[localhost].[/] - Cannot deserialize session attribute [SPRING_SECURITY_CONTEXT] for session [83F075689B77584F5A6DC73C61EB8E65]
2026-05-22 16:16:41.331 INFO  [restartedMain] org.hibernate.orm.jpa - HHH008540: Processing PersistenceUnitInfo [name: default]
2026-05-22 16:16:41.413 INFO  [restartedMain] org.hibernate.orm.core - HHH000001: Hibernate ORM core version 7.2.1.Final
2026-05-22 16:16:42.010 INFO  [restartedMain] o.s.o.j.p.SpringPersistenceUnitInfo - No LoadTimeWeaver setup: ignoring JPA class transformer
2026-05-22 16:16:42.051 INFO  [restartedMain] com.zaxxer.hikari.HikariDataSource - SkyAirlinesHikariPool - Starting...
2026-05-22 16:16:42.534 INFO  [restartedMain] com.zaxxer.hikari.pool.HikariPool - SkyAirlinesHikariPool - Added connection com.mysql.cj.jdbc.ConnectionImpl@69263ff3
2026-05-22 16:16:42.536 INFO  [restartedMain] com.zaxxer.hikari.HikariDataSource - SkyAirlinesHikariPool - Start completed.
2026-05-22 16:16:42.613 WARN  [restartedMain] org.hibernate.orm.deprecation - HHH90000025: MySQLDialect does not need to be specified explicitly using 'hibernate.dialect' (remove the property setting and it will be selected by default)
2026-05-22 16:16:42.644 INFO  [restartedMain] o.hibernate.orm.connections.pooling - HHH10001005: Database info:
	Database JDBC URL [jdbc:mysql://localhost:3306/course-2026-np]
	Database driver: MySQL Connector/J
	Database dialect: MySQLDialect
	Database version: 8.0.45
	Default catalog/schema: course-2026-np/undefined
	Autocommit mode: undefined/unknown
	Isolation level: REPEATABLE_READ [default REPEATABLE_READ]
	JDBC fetch size: none
	Pool: DataSourceConnectionProvider
	Minimum pool size: undefined/unknown
	Maximum pool size: undefined/unknown
2026-05-22 16:16:44.115 INFO  [restartedMain] org.hibernate.orm.core - HHH000489: No JTA platform available (set 'hibernate.transaction.jta.platform' to enable JTA platform integration)
2026-05-22 16:16:44.120 INFO  [restartedMain] org.hibernate.orm.jdbc.batch - HHH100501: Automatic JDBC statement batching enabled (maximum batch size 20)
2026-05-22 16:16:44.326 INFO  [restartedMain] o.s.o.j.LocalContainerEntityManagerFactoryBean - Initialized JPA EntityManagerFactory for persistence unit 'default'
2026-05-22 16:16:44.478 INFO  [restartedMain] o.s.d.j.r.q.QueryEnhancerFactories - Hibernate is in classpath; If applicable, HQL parser will be used.
2026-05-22 16:16:46.478 INFO  [restartedMain] o.s.s.c.a.a.c.InitializeAuthenticationProviderBeanManagerConfigurer$InitializeAuthenticationProviderManagerConfigurer - Global AuthenticationManager configured with AuthenticationProvider bean with name authenticationProvider
2026-05-22 16:16:46.478 WARN  [restartedMain] o.s.s.c.a.a.c.InitializeUserDetailsBeanManagerConfigurer$InitializeUserDetailsManagerConfigurer - Global AuthenticationManager configured with an AuthenticationProvider bean. UserDetailsService beans will not be used by Spring Security for automatically configuring username/password login. Consider removing the AuthenticationProvider bean. Alternatively, consider using the UserDetailsService in a manually instantiated DaoAuthenticationProvider. If the current configuration is intentional, to turn off this warning, increase the logging level of 'org.springframework.security.config.annotation.authentication.configuration.InitializeUserDetailsBeanManagerConfigurer' to ERROR
2026-05-22 16:16:46.521 WARN  [restartedMain] o.s.b.j.a.JpaBaseConfiguration$JpaWebConfiguration - spring.jpa.open-in-view is enabled by default. Therefore, database queries may be performed during view rendering. Explicitly configure spring.jpa.open-in-view to disable this warning
2026-05-22 16:16:47.054 INFO  [restartedMain] o.s.b.w.a.WelcomePageHandlerMapping - Adding welcome page template: index
2026-05-22 16:16:48.333 INFO  [restartedMain] o.s.b.a.e.web.EndpointLinksResolver - Exposing 1 endpoint beneath base path '/actuator'
2026-05-22 16:16:48.461 INFO  [restartedMain] o.a.coyote.http11.Http11NioProtocol - Starting ProtocolHandler ["http-nio-8080"]
2026-05-22 16:16:48.481 INFO  [restartedMain] o.s.boot.tomcat.TomcatWebServer - Tomcat started on port 8080 (http) with context path '/'
2026-05-22 16:16:48.490 INFO  [restartedMain] ua.com.kisit.course2026np.Main - Started Main in 11.145 seconds (process running for 12.272)
2026-05-22 16:16:48.619 INFO  [restartedMain] u.c.k.c.s.PasswordMigrationRunner - Усі паролі вже у форматі BCrypt — міграція не потрібна.
2026-05-22 16:16:49.160 INFO  [RMI TCP Connection(3)-192.168.56.1] o.a.c.c.C.[Tomcat].[localhost].[/] - Initializing Spring DispatcherServlet 'dispatcherServlet'
2026-05-22 16:16:49.160 INFO  [RMI TCP Connection(3)-192.168.56.1] o.s.web.servlet.DispatcherServlet - Initializing Servlet 'dispatcherServlet'
2026-05-22 16:16:49.163 INFO  [RMI TCP Connection(3)-192.168.56.1] o.s.web.servlet.DispatcherServlet - Completed initialization in 2 ms
2026-05-22 16:19:27.269 INFO  [SpringApplicationShutdownHook] o.s.boot.tomcat.GracefulShutdown - Commencing graceful shutdown. Waiting for active requests to complete
2026-05-22 16:19:27.277 INFO  [tomcat-shutdown] o.s.boot.tomcat.GracefulShutdown - Graceful shutdown complete
2026-05-22 16:19:27.292 INFO  [SpringApplicationShutdownHook] o.s.o.j.LocalContainerEntityManagerFactoryBean - Closing JPA EntityManagerFactory for persistence unit 'default'
2026-05-22 16:19:27.299 INFO  [SpringApplicationShutdownHook] com.zaxxer.hikari.HikariDataSource - SkyAirlinesHikariPool - Shutdown initiated...
2026-05-22 16:19:27.304 INFO  [SpringApplicationShutdownHook] com.zaxxer.hikari.HikariDataSource - SkyAirlinesHikariPool - Shutdown completed.
2026-05-22 16:39:57.353 INFO  [restartedMain] ua.com.kisit.course2026np.Main - Starting Main using Java 24.0.2 with PID 8768 (D:\ООП\practica\git\course-2026-np\target\classes started by User in D:\ООП\practica\git\course-2026-np)
2026-05-22 16:39:57.357 DEBUG [restartedMain] ua.com.kisit.course2026np.Main - Running with Spring Boot v4.0.2, Spring v7.0.3
2026-05-22 16:39:57.358 INFO  [restartedMain] ua.com.kisit.course2026np.Main - No active profile set, falling back to 1 default profile: "default"
2026-05-22 16:39:57.468 INFO  [restartedMain] o.s.b.d.e.DevToolsPropertyDefaultsPostProcessor - Devtools property defaults active! Set 'spring.devtools.add-properties' to 'false' to disable
2026-05-22 16:39:57.468 INFO  [restartedMain] o.s.b.d.e.DevToolsPropertyDefaultsPostProcessor - For additional web related logging consider setting the 'logging.level.web' property to 'DEBUG'
2026-05-22 16:39:57.711 INFO  [background-preinit] o.h.validator.internal.util.Version - HV000001: Hibernate Validator 9.0.1.Final
2026-05-22 16:39:59.082 INFO  [restartedMain] o.s.d.r.c.RepositoryConfigurationDelegate - Multiple Spring Data modules found, entering strict repository configuration mode
2026-05-22 16:39:59.084 INFO  [restartedMain] o.s.d.r.c.RepositoryConfigurationDelegate - Bootstrapping Spring Data JDBC repositories in DEFAULT mode.
2026-05-22 16:39:59.132 INFO  [restartedMain] o.s.d.r.c.RepositoryConfigurationExtensionSupport - Spring Data JDBC - Could not safely identify store assignment for repository candidate interface ua.com.kisit.course2026np.repository.AircraftRepository; If you want this repository to be a JDBC repository, consider annotating your entities with one of these annotations: org.springframework.data.relational.core.mapping.Table.
2026-05-22 16:39:59.135 INFO  [restartedMain] o.s.d.r.c.RepositoryConfigurationExtensionSupport - Spring Data JDBC - Could not safely identify store assignment for repository candidate interface ua.com.kisit.course2026np.repository.CrewMemberRepository; If you want this repository to be a JDBC repository, consider annotating your entities with one of these annotations: org.springframework.data.relational.core.mapping.Table.
2026-05-22 16:39:59.136 INFO  [restartedMain] o.s.d.r.c.RepositoryConfigurationExtensionSupport - Spring Data JDBC - Could not safely identify store assignment for repository candidate interface ua.com.kisit.course2026np.repository.CrewRepository; If you want this repository to be a JDBC repository, consider annotating your entities with one of these annotations: org.springframework.data.relational.core.mapping.Table.
2026-05-22 16:39:59.137 INFO  [restartedMain] o.s.d.r.c.RepositoryConfigurationExtensionSupport - Spring Data JDBC - Could not safely identify store assignment for repository candidate interface ua.com.kisit.course2026np.repository.FlightRepository; If you want this repository to be a JDBC repository, consider annotating your entities with one of these annotations: org.springframework.data.relational.core.mapping.Table.
2026-05-22 16:39:59.138 INFO  [restartedMain] o.s.d.r.c.RepositoryConfigurationExtensionSupport - Spring Data JDBC - Could not safely identify store assignment for repository candidate interface ua.com.kisit.course2026np.repository.PassengerRepository; If you want this repository to be a JDBC repository, consider annotating your entities with one of these annotations: org.springframework.data.relational.core.mapping.Table.
2026-05-22 16:39:59.141 INFO  [restartedMain] o.s.d.r.c.RepositoryConfigurationExtensionSupport - Spring Data JDBC - Could not safely identify store assignment for repository candidate interface ua.com.kisit.course2026np.repository.TicketRepository; If you want this repository to be a JDBC repository, consider annotating your entities with one of these annotations: org.springframework.data.relational.core.mapping.Table.
2026-05-22 16:39:59.142 INFO  [restartedMain] o.s.d.r.c.RepositoryConfigurationExtensionSupport - Spring Data JDBC - Could not safely identify store assignment for repository candidate interface ua.com.kisit.course2026np.repository.UserRepository; If you want this repository to be a JDBC repository, consider annotating your entities with one of these annotations: org.springframework.data.relational.core.mapping.Table.
2026-05-22 16:39:59.143 INFO  [restartedMain] o.s.d.r.c.RepositoryConfigurationDelegate - Finished Spring Data repository scanning in 50 ms. Found 0 JDBC repository interfaces.
2026-05-22 16:39:59.156 INFO  [restartedMain] o.s.d.r.c.RepositoryConfigurationDelegate - Multiple Spring Data modules found, entering strict repository configuration mode
2026-05-22 16:39:59.158 INFO  [restartedMain] o.s.d.r.c.RepositoryConfigurationDelegate - Bootstrapping Spring Data JPA repositories in DEFAULT mode.
2026-05-22 16:39:59.212 INFO  [restartedMain] o.s.d.r.c.RepositoryConfigurationDelegate - Finished Spring Data repository scanning in 49 ms. Found 7 JPA repository interfaces.
2026-05-22 16:40:00.410 INFO  [restartedMain] o.s.boot.tomcat.TomcatWebServer - Tomcat initialized with port 8080 (http)
2026-05-22 16:40:00.431 INFO  [restartedMain] o.a.coyote.http11.Http11NioProtocol - Initializing ProtocolHandler ["http-nio-8080"]
2026-05-22 16:40:00.434 INFO  [restartedMain] o.a.catalina.core.StandardService - Starting service [Tomcat]
2026-05-22 16:40:00.434 INFO  [restartedMain] o.a.catalina.core.StandardEngine - Starting Servlet engine: [Apache Tomcat/11.0.15]
2026-05-22 16:40:00.509 INFO  [restartedMain] o.s.b.w.c.s.WebApplicationContextInitializer - Root WebApplicationContext: initialization completed in 3040 ms
2026-05-22 16:40:00.996 INFO  [restartedMain] org.hibernate.orm.jpa - HHH008540: Processing PersistenceUnitInfo [name: default]
2026-05-22 16:40:01.066 INFO  [restartedMain] org.hibernate.orm.core - HHH000001: Hibernate ORM core version 7.2.1.Final
2026-05-22 16:40:01.729 INFO  [restartedMain] o.s.o.j.p.SpringPersistenceUnitInfo - No LoadTimeWeaver setup: ignoring JPA class transformer
2026-05-22 16:40:01.767 INFO  [restartedMain] com.zaxxer.hikari.HikariDataSource - SkyAirlinesHikariPool - Starting...
2026-05-22 16:40:02.321 INFO  [restartedMain] com.zaxxer.hikari.pool.HikariPool - SkyAirlinesHikariPool - Added connection com.mysql.cj.jdbc.ConnectionImpl@47a5ba97
2026-05-22 16:40:02.323 INFO  [restartedMain] com.zaxxer.hikari.HikariDataSource - SkyAirlinesHikariPool - Start completed.
2026-05-22 16:40:02.385 WARN  [restartedMain] org.hibernate.orm.deprecation - HHH90000025: MySQLDialect does not need to be specified explicitly using 'hibernate.dialect' (remove the property setting and it will be selected by default)
2026-05-22 16:40:02.409 INFO  [restartedMain] o.hibernate.orm.connections.pooling - HHH10001005: Database info:
	Database JDBC URL [jdbc:mysql://localhost:3306/course-2026-np]
	Database driver: MySQL Connector/J
	Database dialect: MySQLDialect
	Database version: 8.0.45
	Default catalog/schema: course-2026-np/undefined
	Autocommit mode: undefined/unknown
	Isolation level: REPEATABLE_READ [default REPEATABLE_READ]
	JDBC fetch size: none
	Pool: DataSourceConnectionProvider
	Minimum pool size: undefined/unknown
	Maximum pool size: undefined/unknown
2026-05-22 16:40:03.876 INFO  [restartedMain] org.hibernate.orm.core - HHH000489: No JTA platform available (set 'hibernate.transaction.jta.platform' to enable JTA platform integration)
2026-05-22 16:40:03.882 INFO  [restartedMain] org.hibernate.orm.jdbc.batch - HHH100501: Automatic JDBC statement batching enabled (maximum batch size 20)
2026-05-22 16:40:04.097 INFO  [restartedMain] o.s.o.j.LocalContainerEntityManagerFactoryBean - Initialized JPA EntityManagerFactory for persistence unit 'default'
2026-05-22 16:40:04.278 INFO  [restartedMain] o.s.d.j.r.q.QueryEnhancerFactories - Hibernate is in classpath; If applicable, HQL parser will be used.
2026-05-22 16:40:06.186 INFO  [restartedMain] o.s.s.c.a.a.c.InitializeAuthenticationProviderBeanManagerConfigurer$InitializeAuthenticationProviderManagerConfigurer - Global AuthenticationManager configured with AuthenticationProvider bean with name authenticationProvider
2026-05-22 16:40:06.187 WARN  [restartedMain] o.s.s.c.a.a.c.InitializeUserDetailsBeanManagerConfigurer$InitializeUserDetailsManagerConfigurer - Global AuthenticationManager configured with an AuthenticationProvider bean. UserDetailsService beans will not be used by Spring Security for automatically configuring username/password login. Consider removing the AuthenticationProvider bean. Alternatively, consider using the UserDetailsService in a manually instantiated DaoAuthenticationProvider. If the current configuration is intentional, to turn off this warning, increase the logging level of 'org.springframework.security.config.annotation.authentication.configuration.InitializeUserDetailsBeanManagerConfigurer' to ERROR
2026-05-22 16:40:06.233 WARN  [restartedMain] o.s.b.j.a.JpaBaseConfiguration$JpaWebConfiguration - spring.jpa.open-in-view is enabled by default. Therefore, database queries may be performed during view rendering. Explicitly configure spring.jpa.open-in-view to disable this warning
2026-05-22 16:40:06.841 INFO  [restartedMain] o.s.b.w.a.WelcomePageHandlerMapping - Adding welcome page template: index
2026-05-22 16:40:07.970 INFO  [restartedMain] o.s.b.a.e.web.EndpointLinksResolver - Exposing 1 endpoint beneath base path '/actuator'
2026-05-22 16:40:08.100 INFO  [restartedMain] o.a.coyote.http11.Http11NioProtocol - Starting ProtocolHandler ["http-nio-8080"]
2026-05-22 16:40:08.119 INFO  [restartedMain] o.s.boot.tomcat.TomcatWebServer - Tomcat started on port 8080 (http) with context path '/'
2026-05-22 16:40:08.128 INFO  [restartedMain] ua.com.kisit.course2026np.Main - Started Main in 11.776 seconds (process running for 13.447)
2026-05-22 16:40:08.262 INFO  [restartedMain] u.c.k.c.s.PasswordMigrationRunner - Усі паролі вже у форматі BCrypt — міграція не потрібна.
2026-05-22 16:40:08.729 INFO  [RMI TCP Connection(3)-192.168.56.1] o.a.c.c.C.[Tomcat].[localhost].[/] - Initializing Spring DispatcherServlet 'dispatcherServlet'
2026-05-22 16:40:08.730 INFO  [RMI TCP Connection(3)-192.168.56.1] o.s.web.servlet.DispatcherServlet - Initializing Servlet 'dispatcherServlet'
2026-05-22 16:40:08.733 INFO  [RMI TCP Connection(3)-192.168.56.1] o.s.web.servlet.DispatcherServlet - Completed initialization in 3 ms
2026-05-22 16:42:15.794 DEBUG [http-nio-8080-exec-8] u.c.k.c.c.FlightManagerController - Перегляд списку рейсів користувачем admin@skyair.ua
2026-05-22 16:42:24.917 DEBUG [http-nio-8080-exec-1] u.c.k.c.c.FlightManagerController - Перегляд списку рейсів користувачем admin@skyair.ua
2026-05-22 16:42:29.598 INFO  [http-nio-8080-exec-2] org.hibernate.orm.jdbc.batch - HHH100503: JDBC batch still contained JDBC statements on release
2026-05-22 16:42:29.600 WARN  [http-nio-8080-exec-2] org.hibernate.orm.jdbc.error - HHH000247: ErrorCode: 1451, SQLState: 23000
2026-05-22 16:42:29.600 WARN  [http-nio-8080-exec-2] org.hibernate.orm.jdbc.error - Cannot delete or update a parent row: a foreign key constraint fails (`course-2026-np`.`tickets`, CONSTRAINT `FKtdayegtd891qq5xm0axfbckvy` FOREIGN KEY (`flight_id`) REFERENCES `flights` (`id`))
2026-05-22 16:42:29.609 WARN  [http-nio-8080-exec-2] u.c.k.c.c.FlightManagerController - Помилка видалення рейсу id=2: could not execute batch [Cannot delete or update a parent row: a foreign key constraint fails (`course-2026-np`.`tickets`, CONSTRAINT `FKtdayegtd891qq5xm0axfbckvy` FOREIGN KEY (`flight_id`) REFERENCES `flights` (`id`))] [delete from flights where id=?]; SQL [delete from flights where id=?]; constraint [FKtdayegtd891qq5xm0axfbckvy]
2026-05-22 16:42:29.617 DEBUG [http-nio-8080-exec-3] u.c.k.c.c.FlightManagerController - Перегляд списку рейсів користувачем admin@skyair.ua
2026-05-22 16:43:45.431 INFO  [http-nio-8080-exec-6] org.hibernate.orm.jdbc.batch - HHH100503: JDBC batch still contained JDBC statements on release
2026-05-22 16:43:45.432 WARN  [http-nio-8080-exec-6] org.hibernate.orm.jdbc.error - HHH000247: ErrorCode: 1451, SQLState: 23000
2026-05-22 16:43:45.432 WARN  [http-nio-8080-exec-6] org.hibernate.orm.jdbc.error - Cannot delete or update a parent row: a foreign key constraint fails (`course-2026-np`.`tickets`, CONSTRAINT `FKtdayegtd891qq5xm0axfbckvy` FOREIGN KEY (`flight_id`) REFERENCES `flights` (`id`))
2026-05-22 16:43:45.447 WARN  [http-nio-8080-exec-6] u.c.k.c.c.FlightManagerController - Помилка видалення рейсу id=9: could not execute batch [Cannot delete or update a parent row: a foreign key constraint fails (`course-2026-np`.`tickets`, CONSTRAINT `FKtdayegtd891qq5xm0axfbckvy` FOREIGN KEY (`flight_id`) REFERENCES `flights` (`id`))] [delete from flights where id=?]; SQL [delete from flights where id=?]; constraint [FKtdayegtd891qq5xm0axfbckvy]
2026-05-22 16:43:45.501 DEBUG [http-nio-8080-exec-7] u.c.k.c.c.FlightManagerController - Перегляд списку рейсів користувачем admin@skyair.ua
2026-05-22 16:46:56.025 INFO  [SpringApplicationShutdownHook] o.s.boot.tomcat.GracefulShutdown - Commencing graceful shutdown. Waiting for active requests to complete
2026-05-22 16:46:56.034 INFO  [tomcat-shutdown] o.s.boot.tomcat.GracefulShutdown - Graceful shutdown complete
2026-05-22 16:46:56.047 INFO  [SpringApplicationShutdownHook] o.s.o.j.LocalContainerEntityManagerFactoryBean - Closing JPA EntityManagerFactory for persistence unit 'default'
2026-05-22 16:46:56.056 INFO  [SpringApplicationShutdownHook] com.zaxxer.hikari.HikariDataSource - SkyAirlinesHikariPool - Shutdown initiated...
2026-05-22 16:46:56.062 INFO  [SpringApplicationShutdownHook] com.zaxxer.hikari.HikariDataSource - SkyAirlinesHikariPool - Shutdown completed.
2026-05-22 16:47:03.451 INFO  [restartedMain] ua.com.kisit.course2026np.Main - Starting Main using Java 24.0.2 with PID 20528 (D:\ООП\practica\git\course-2026-np\target\classes started by User in D:\ООП\practica\git\course-2026-np)
2026-05-22 16:47:03.454 DEBUG [restartedMain] ua.com.kisit.course2026np.Main - Running with Spring Boot v4.0.2, Spring v7.0.3
2026-05-22 16:47:03.455 INFO  [restartedMain] ua.com.kisit.course2026np.Main - No active profile set, falling back to 1 default profile: "default"
2026-05-22 16:47:03.513 INFO  [restartedMain] o.s.b.d.e.DevToolsPropertyDefaultsPostProcessor - Devtools property defaults active! Set 'spring.devtools.add-properties' to 'false' to disable
2026-05-22 16:47:03.513 INFO  [restartedMain] o.s.b.d.e.DevToolsPropertyDefaultsPostProcessor - For additional web related logging consider setting the 'logging.level.web' property to 'DEBUG'
2026-05-22 16:47:03.674 INFO  [background-preinit] o.h.validator.internal.util.Version - HV000001: Hibernate Validator 9.0.1.Final
2026-05-22 16:47:04.648 INFO  [restartedMain] o.s.d.r.c.RepositoryConfigurationDelegate - Multiple Spring Data modules found, entering strict repository configuration mode
2026-05-22 16:47:04.649 INFO  [restartedMain] o.s.d.r.c.RepositoryConfigurationDelegate - Bootstrapping Spring Data JDBC repositories in DEFAULT mode.
2026-05-22 16:47:04.693 INFO  [restartedMain] o.s.d.r.c.RepositoryConfigurationExtensionSupport - Spring Data JDBC - Could not safely identify store assignment for repository candidate interface ua.com.kisit.course2026np.repository.AircraftRepository; If you want this repository to be a JDBC repository, consider annotating your entities with one of these annotations: org.springframework.data.relational.core.mapping.Table.
2026-05-22 16:47:04.695 INFO  [restartedMain] o.s.d.r.c.RepositoryConfigurationExtensionSupport - Spring Data JDBC - Could not safely identify store assignment for repository candidate interface ua.com.kisit.course2026np.repository.CrewMemberRepository; If you want this repository to be a JDBC repository, consider annotating your entities with one of these annotations: org.springframework.data.relational.core.mapping.Table.
2026-05-22 16:47:04.696 INFO  [restartedMain] o.s.d.r.c.RepositoryConfigurationExtensionSupport - Spring Data JDBC - Could not safely identify store assignment for repository candidate interface ua.com.kisit.course2026np.repository.CrewRepository; If you want this repository to be a JDBC repository, consider annotating your entities with one of these annotations: org.springframework.data.relational.core.mapping.Table.
2026-05-22 16:47:04.697 INFO  [restartedMain] o.s.d.r.c.RepositoryConfigurationExtensionSupport - Spring Data JDBC - Could not safely identify store assignment for repository candidate interface ua.com.kisit.course2026np.repository.FlightRepository; If you want this repository to be a JDBC repository, consider annotating your entities with one of these annotations: org.springframework.data.relational.core.mapping.Table.
2026-05-22 16:47:04.699 INFO  [restartedMain] o.s.d.r.c.RepositoryConfigurationExtensionSupport - Spring Data JDBC - Could not safely identify store assignment for repository candidate interface ua.com.kisit.course2026np.repository.PassengerRepository; If you want this repository to be a JDBC repository, consider annotating your entities with one of these annotations: org.springframework.data.relational.core.mapping.Table.
2026-05-22 16:47:04.700 INFO  [restartedMain] o.s.d.r.c.RepositoryConfigurationExtensionSupport - Spring Data JDBC - Could not safely identify store assignment for repository candidate interface ua.com.kisit.course2026np.repository.TicketRepository; If you want this repository to be a JDBC repository, consider annotating your entities with one of these annotations: org.springframework.data.relational.core.mapping.Table.
2026-05-22 16:47:04.701 INFO  [restartedMain] o.s.d.r.c.RepositoryConfigurationExtensionSupport - Spring Data JDBC - Could not safely identify store assignment for repository candidate interface ua.com.kisit.course2026np.repository.UserRepository; If you want this repository to be a JDBC repository, consider annotating your entities with one of these annotations: org.springframework.data.relational.core.mapping.Table.
2026-05-22 16:47:04.702 INFO  [restartedMain] o.s.d.r.c.RepositoryConfigurationDelegate - Finished Spring Data repository scanning in 45 ms. Found 0 JDBC repository interfaces.
2026-05-22 16:47:04.714 INFO  [restartedMain] o.s.d.r.c.RepositoryConfigurationDelegate - Multiple Spring Data modules found, entering strict repository configuration mode
2026-05-22 16:47:04.715 INFO  [restartedMain] o.s.d.r.c.RepositoryConfigurationDelegate - Bootstrapping Spring Data JPA repositories in DEFAULT mode.
2026-05-22 16:47:04.757 INFO  [restartedMain] o.s.d.r.c.RepositoryConfigurationDelegate - Finished Spring Data repository scanning in 36 ms. Found 7 JPA repository interfaces.
2026-05-22 16:47:05.686 INFO  [restartedMain] o.s.boot.tomcat.TomcatWebServer - Tomcat initialized with port 8080 (http)
2026-05-22 16:47:05.709 INFO  [restartedMain] o.a.coyote.http11.Http11NioProtocol - Initializing ProtocolHandler ["http-nio-8080"]
2026-05-22 16:47:05.712 INFO  [restartedMain] o.a.catalina.core.StandardService - Starting service [Tomcat]
2026-05-22 16:47:05.712 INFO  [restartedMain] o.a.catalina.core.StandardEngine - Starting Servlet engine: [Apache Tomcat/11.0.15]
2026-05-22 16:47:05.777 INFO  [restartedMain] o.s.b.w.c.s.WebApplicationContextInitializer - Root WebApplicationContext: initialization completed in 2264 ms
2026-05-22 16:47:06.071 WARN  [restartedMain] o.a.c.c.C.[Tomcat].[localhost].[/] - Cannot deserialize session attribute [SPRING_SECURITY_CONTEXT] for session [F5600141A9C0908FCF763CFF2D52DFCC]
2026-05-22 16:47:06.073 ERROR [restartedMain] o.a.catalina.session.StandardManager - Exception loading sessions from persistent storage
java.io.StreamCorruptedException: invalid type code: 00
	at java.base/java.io.ObjectInputStream.readObject0(ObjectInputStream.java:1684)
	at java.base/java.io.ObjectInputStream$FieldValues.<init>(ObjectInputStream.java:2513)
	at java.base/java.io.ObjectInputStream.defaultReadObject(ObjectInputStream.java:627)
	at java.base/java.lang.Throwable.readObject(Throwable.java:941)
	at java.base/jdk.internal.reflect.DirectMethodHandleAccessor.invoke(DirectMethodHandleAccessor.java:104)
	at java.base/java.lang.reflect.Method.invoke(Method.java:565)
	at java.base/java.io.ObjectStreamClass.invokeReadObject(ObjectStreamClass.java:976)
	at java.base/java.io.ObjectInputStream.readSerialData(ObjectInputStream.java:2335)
	at java.base/java.io.ObjectInputStream.readOrdinaryObject(ObjectInputStream.java:2166)
	at java.base/java.io.ObjectInputStream.readObject0(ObjectInputStream.java:1653)
	at java.base/java.io.ObjectInputStream.readObject(ObjectInputStream.java:495)
	at java.base/java.io.ObjectInputStream.readObject(ObjectInputStream.java:453)
	at org.apache.catalina.session.StandardSession.doReadObject(StandardSession.java:1120)
	at org.apache.catalina.session.StandardSession.readObjectData(StandardSession.java:821)
	at org.apache.catalina.session.StandardManager.load(StandardManager.java:146)
	at org.apache.catalina.session.StandardManager.startInternal(StandardManager.java:255)
	at org.apache.catalina.util.LifecycleBase.start(LifecycleBase.java:164)
	at org.apache.catalina.core.StandardContext.startInternal(StandardContext.java:4443)
	at org.apache.catalina.util.LifecycleBase.start(LifecycleBase.java:164)
	at org.apache.catalina.core.ContainerBase$StartChild.call(ContainerBase.java:1162)
	at org.apache.catalina.core.ContainerBase$StartChild.call(ContainerBase.java:1158)
	at java.base/java.util.concurrent.FutureTask.run(FutureTask.java:328)
	at org.apache.tomcat.util.threads.InlineExecutorService.execute(InlineExecutorService.java:81)
	at java.base/java.util.concurrent.AbstractExecutorService.submit(AbstractExecutorService.java:148)
	at org.apache.catalina.core.ContainerBase.startInternal(ContainerBase.java:714)
	at org.apache.catalina.core.StandardHost.startInternal(StandardHost.java:780)
	at org.apache.catalina.util.LifecycleBase.start(LifecycleBase.java:164)
	at org.apache.catalina.core.ContainerBase$StartChild.call(ContainerBase.java:1162)
	at org.apache.catalina.core.ContainerBase$StartChild.call(ContainerBase.java:1158)
	at java.base/java.util.concurrent.FutureTask.run(FutureTask.java:328)
	at org.apache.tomcat.util.threads.InlineExecutorService.execute(InlineExecutorService.java:81)
	at java.base/java.util.concurrent.AbstractExecutorService.submit(AbstractExecutorService.java:148)
	at org.apache.catalina.core.ContainerBase.startInternal(ContainerBase.java:714)
	at org.apache.catalina.core.StandardEngine.startInternal(StandardEngine.java:201)
	at org.apache.catalina.util.LifecycleBase.start(LifecycleBase.java:164)
	at org.apache.catalina.core.StandardService.startInternal(StandardService.java:410)
	at org.apache.catalina.util.LifecycleBase.start(LifecycleBase.java:164)
	at org.apache.catalina.core.StandardServer.startInternal(StandardServer.java:864)
	at org.apache.catalina.util.LifecycleBase.start(LifecycleBase.java:164)
	at org.apache.catalina.startup.Tomcat.start(Tomcat.java:435)
	at org.springframework.boot.tomcat.TomcatWebServer.initialize(TomcatWebServer.java:131)
	at org.springframework.boot.tomcat.TomcatWebServer.<init>(TomcatWebServer.java:110)
	at org.springframework.boot.tomcat.servlet.TomcatServletWebServerFactory.getTomcatWebServer(TomcatServletWebServerFactory.java:408)
	at org.springframework.boot.tomcat.servlet.TomcatServletWebServerFactory.getWebServer(TomcatServletWebServerFactory.java:166)
	at org.springframework.boot.web.server.servlet.context.ServletWebServerApplicationContext.createWebServer(ServletWebServerApplicationContext.java:190)
	at org.springframework.boot.web.server.servlet.context.ServletWebServerApplicationContext.onRefresh(ServletWebServerApplicationContext.java:164)
	at org.springframework.context.support.AbstractApplicationContext.refresh(AbstractApplicationContext.java:614)
	at org.springframework.boot.web.server.servlet.context.ServletWebServerApplicationContext.refresh(ServletWebServerApplicationContext.java:143)
	at org.springframework.boot.SpringApplication.refresh(SpringApplication.java:756)
	at org.springframework.boot.SpringApplication.refreshContext(SpringApplication.java:445)
	at org.springframework.boot.SpringApplication.run(SpringApplication.java:321)
	at org.springframework.boot.SpringApplication.run(SpringApplication.java:1365)
	at org.springframework.boot.SpringApplication.run(SpringApplication.java:1354)
	at ua.com.kisit.course2026np.Main.main(Main.java:13)
	at java.base/jdk.internal.reflect.DirectMethodHandleAccessor.invoke(DirectMethodHandleAccessor.java:104)
	at java.base/java.lang.reflect.Method.invoke(Method.java:565)
	at org.springframework.boot.devtools.restart.RestartLauncher.run(RestartLauncher.java:52)
2026-05-22 16:47:06.274 INFO  [restartedMain] org.hibernate.orm.jpa - HHH008540: Processing PersistenceUnitInfo [name: default]
2026-05-22 16:47:06.355 INFO  [restartedMain] org.hibernate.orm.core - HHH000001: Hibernate ORM core version 7.2.1.Final
2026-05-22 16:47:07.150 INFO  [restartedMain] o.s.o.j.p.SpringPersistenceUnitInfo - No LoadTimeWeaver setup: ignoring JPA class transformer
2026-05-22 16:47:07.198 INFO  [restartedMain] com.zaxxer.hikari.HikariDataSource - SkyAirlinesHikariPool - Starting...
2026-05-22 16:47:07.815 INFO  [restartedMain] com.zaxxer.hikari.pool.HikariPool - SkyAirlinesHikariPool - Added connection com.mysql.cj.jdbc.ConnectionImpl@f6130a0
2026-05-22 16:47:07.818 INFO  [restartedMain] com.zaxxer.hikari.HikariDataSource - SkyAirlinesHikariPool - Start completed.
2026-05-22 16:47:07.929 WARN  [restartedMain] org.hibernate.orm.deprecation - HHH90000025: MySQLDialect does not need to be specified explicitly using 'hibernate.dialect' (remove the property setting and it will be selected by default)
2026-05-22 16:47:07.953 INFO  [restartedMain] o.hibernate.orm.connections.pooling - HHH10001005: Database info:
	Database JDBC URL [jdbc:mysql://localhost:3306/course-2026-np]
	Database driver: MySQL Connector/J
	Database dialect: MySQLDialect
	Database version: 8.0.45
	Default catalog/schema: course-2026-np/undefined
	Autocommit mode: undefined/unknown
	Isolation level: REPEATABLE_READ [default REPEATABLE_READ]
	JDBC fetch size: none
	Pool: DataSourceConnectionProvider
	Minimum pool size: undefined/unknown
	Maximum pool size: undefined/unknown
2026-05-22 16:47:09.555 INFO  [restartedMain] org.hibernate.orm.core - HHH000489: No JTA platform available (set 'hibernate.transaction.jta.platform' to enable JTA platform integration)
2026-05-22 16:47:09.559 INFO  [restartedMain] org.hibernate.orm.jdbc.batch - HHH100501: Automatic JDBC statement batching enabled (maximum batch size 20)
2026-05-22 16:47:09.793 INFO  [restartedMain] o.s.o.j.LocalContainerEntityManagerFactoryBean - Initialized JPA EntityManagerFactory for persistence unit 'default'
2026-05-22 16:47:09.948 INFO  [restartedMain] o.s.d.j.r.q.QueryEnhancerFactories - Hibernate is in classpath; If applicable, HQL parser will be used.
2026-05-22 16:47:12.188 INFO  [restartedMain] o.s.s.c.a.a.c.InitializeAuthenticationProviderBeanManagerConfigurer$InitializeAuthenticationProviderManagerConfigurer - Global AuthenticationManager configured with AuthenticationProvider bean with name authenticationProvider
2026-05-22 16:47:12.188 WARN  [restartedMain] o.s.s.c.a.a.c.InitializeUserDetailsBeanManagerConfigurer$InitializeUserDetailsManagerConfigurer - Global AuthenticationManager configured with an AuthenticationProvider bean. UserDetailsService beans will not be used by Spring Security for automatically configuring username/password login. Consider removing the AuthenticationProvider bean. Alternatively, consider using the UserDetailsService in a manually instantiated DaoAuthenticationProvider. If the current configuration is intentional, to turn off this warning, increase the logging level of 'org.springframework.security.config.annotation.authentication.configuration.InitializeUserDetailsBeanManagerConfigurer' to ERROR
2026-05-22 16:47:12.230 WARN  [restartedMain] o.s.b.j.a.JpaBaseConfiguration$JpaWebConfiguration - spring.jpa.open-in-view is enabled by default. Therefore, database queries may be performed during view rendering. Explicitly configure spring.jpa.open-in-view to disable this warning
2026-05-22 16:47:12.743 INFO  [restartedMain] o.s.b.w.a.WelcomePageHandlerMapping - Adding welcome page template: index
2026-05-22 16:47:13.971 INFO  [restartedMain] o.s.b.a.e.web.EndpointLinksResolver - Exposing 1 endpoint beneath base path '/actuator'
2026-05-22 16:47:14.115 INFO  [restartedMain] o.a.coyote.http11.Http11NioProtocol - Starting ProtocolHandler ["http-nio-8080"]
2026-05-22 16:47:14.135 INFO  [restartedMain] o.s.boot.tomcat.TomcatWebServer - Tomcat started on port 8080 (http) with context path '/'
2026-05-22 16:47:14.146 INFO  [restartedMain] ua.com.kisit.course2026np.Main - Started Main in 11.463 seconds (process running for 12.546)
2026-05-22 16:47:14.303 INFO  [restartedMain] u.c.k.c.s.PasswordMigrationRunner - Усі паролі вже у форматі BCrypt — міграція не потрібна.
2026-05-22 16:47:14.549 INFO  [RMI TCP Connection(4)-192.168.56.1] o.a.c.c.C.[Tomcat].[localhost].[/] - Initializing Spring DispatcherServlet 'dispatcherServlet'
2026-05-22 16:47:14.550 INFO  [RMI TCP Connection(4)-192.168.56.1] o.s.web.servlet.DispatcherServlet - Initializing Servlet 'dispatcherServlet'
2026-05-22 16:47:14.554 INFO  [RMI TCP Connection(4)-192.168.56.1] o.s.web.servlet.DispatcherServlet - Completed initialization in 3 ms
2026-05-22 16:48:15.686 DEBUG [http-nio-8080-exec-5] u.c.k.c.c.FlightManagerController - Перегляд списку рейсів користувачем admin@skyair.ua
2026-05-22 16:48:21.749 WARN  [http-nio-8080-exec-6] u.c.k.c.c.FlightManagerController - Помилка видалення рейсу id=2: org.hibernate.query.sqm.UnknownPathException: Could not resolve attribute 'flightId' of 'ua.com.kisit.course2026np.entity.Crew' [SELECT c.id id FROM Crew c WHERE c.flightId = :flightId]; Bad SELECT c.id id FROM Crew c WHERE c.flightId = :flightId grammar [JPQL]
2026-05-22 16:48:21.784 DEBUG [http-nio-8080-exec-7] u.c.k.c.c.FlightManagerController - Перегляд списку рейсів користувачем admin@skyair.ua
2026-05-22 16:51:14.118 INFO  [SpringApplicationShutdownHook] o.s.boot.tomcat.GracefulShutdown - Commencing graceful shutdown. Waiting for active requests to complete
2026-05-22 16:51:14.124 INFO  [tomcat-shutdown] o.s.boot.tomcat.GracefulShutdown - Graceful shutdown complete
2026-05-22 16:51:14.135 INFO  [SpringApplicationShutdownHook] o.s.o.j.LocalContainerEntityManagerFactoryBean - Closing JPA EntityManagerFactory for persistence unit 'default'
2026-05-22 16:51:14.140 INFO  [SpringApplicationShutdownHook] com.zaxxer.hikari.HikariDataSource - SkyAirlinesHikariPool - Shutdown initiated...
2026-05-22 16:51:14.145 INFO  [SpringApplicationShutdownHook] com.zaxxer.hikari.HikariDataSource - SkyAirlinesHikariPool - Shutdown completed.
2026-05-22 16:51:19.782 INFO  [restartedMain] ua.com.kisit.course2026np.Main - Starting Main using Java 24.0.2 with PID 13988 (D:\ООП\practica\git\course-2026-np\target\classes started by User in D:\ООП\practica\git\course-2026-np)
2026-05-22 16:51:19.785 DEBUG [restartedMain] ua.com.kisit.course2026np.Main - Running with Spring Boot v4.0.2, Spring v7.0.3
2026-05-22 16:51:19.785 INFO  [restartedMain] ua.com.kisit.course2026np.Main - No active profile set, falling back to 1 default profile: "default"
2026-05-22 16:51:19.848 INFO  [restartedMain] o.s.b.d.e.DevToolsPropertyDefaultsPostProcessor - Devtools property defaults active! Set 'spring.devtools.add-properties' to 'false' to disable
2026-05-22 16:51:19.848 INFO  [restartedMain] o.s.b.d.e.DevToolsPropertyDefaultsPostProcessor - For additional web related logging consider setting the 'logging.level.web' property to 'DEBUG'
2026-05-22 16:51:20.011 INFO  [background-preinit] o.h.validator.internal.util.Version - HV000001: Hibernate Validator 9.0.1.Final
2026-05-22 16:51:20.999 INFO  [restartedMain] o.s.d.r.c.RepositoryConfigurationDelegate - Multiple Spring Data modules found, entering strict repository configuration mode
2026-05-22 16:51:21.001 INFO  [restartedMain] o.s.d.r.c.RepositoryConfigurationDelegate - Bootstrapping Spring Data JDBC repositories in DEFAULT mode.
2026-05-22 16:51:21.046 INFO  [restartedMain] o.s.d.r.c.RepositoryConfigurationExtensionSupport - Spring Data JDBC - Could not safely identify store assignment for repository candidate interface ua.com.kisit.course2026np.repository.AircraftRepository; If you want this repository to be a JDBC repository, consider annotating your entities with one of these annotations: org.springframework.data.relational.core.mapping.Table.
2026-05-22 16:51:21.048 INFO  [restartedMain] o.s.d.r.c.RepositoryConfigurationExtensionSupport - Spring Data JDBC - Could not safely identify store assignment for repository candidate interface ua.com.kisit.course2026np.repository.CrewMemberRepository; If you want this repository to be a JDBC repository, consider annotating your entities with one of these annotations: org.springframework.data.relational.core.mapping.Table.
2026-05-22 16:51:21.049 INFO  [restartedMain] o.s.d.r.c.RepositoryConfigurationExtensionSupport - Spring Data JDBC - Could not safely identify store assignment for repository candidate interface ua.com.kisit.course2026np.repository.CrewRepository; If you want this repository to be a JDBC repository, consider annotating your entities with one of these annotations: org.springframework.data.relational.core.mapping.Table.
2026-05-22 16:51:21.051 INFO  [restartedMain] o.s.d.r.c.RepositoryConfigurationExtensionSupport - Spring Data JDBC - Could not safely identify store assignment for repository candidate interface ua.com.kisit.course2026np.repository.FlightRepository; If you want this repository to be a JDBC repository, consider annotating your entities with one of these annotations: org.springframework.data.relational.core.mapping.Table.
2026-05-22 16:51:21.052 INFO  [restartedMain] o.s.d.r.c.RepositoryConfigurationExtensionSupport - Spring Data JDBC - Could not safely identify store assignment for repository candidate interface ua.com.kisit.course2026np.repository.PassengerRepository; If you want this repository to be a JDBC repository, consider annotating your entities with one of these annotations: org.springframework.data.relational.core.mapping.Table.
2026-05-22 16:51:21.053 INFO  [restartedMain] o.s.d.r.c.RepositoryConfigurationExtensionSupport - Spring Data JDBC - Could not safely identify store assignment for repository candidate interface ua.com.kisit.course2026np.repository.TicketRepository; If you want this repository to be a JDBC repository, consider annotating your entities with one of these annotations: org.springframework.data.relational.core.mapping.Table.
2026-05-22 16:51:21.055 INFO  [restartedMain] o.s.d.r.c.RepositoryConfigurationExtensionSupport - Spring Data JDBC - Could not safely identify store assignment for repository candidate interface ua.com.kisit.course2026np.repository.UserRepository; If you want this repository to be a JDBC repository, consider annotating your entities with one of these annotations: org.springframework.data.relational.core.mapping.Table.
2026-05-22 16:51:21.055 INFO  [restartedMain] o.s.d.r.c.RepositoryConfigurationDelegate - Finished Spring Data repository scanning in 47 ms. Found 0 JDBC repository interfaces.
2026-05-22 16:51:21.068 INFO  [restartedMain] o.s.d.r.c.RepositoryConfigurationDelegate - Multiple Spring Data modules found, entering strict repository configuration mode
2026-05-22 16:51:21.070 INFO  [restartedMain] o.s.d.r.c.RepositoryConfigurationDelegate - Bootstrapping Spring Data JPA repositories in DEFAULT mode.
2026-05-22 16:51:21.115 INFO  [restartedMain] o.s.d.r.c.RepositoryConfigurationDelegate - Finished Spring Data repository scanning in 39 ms. Found 7 JPA repository interfaces.
2026-05-22 16:51:22.063 INFO  [restartedMain] o.s.boot.tomcat.TomcatWebServer - Tomcat initialized with port 8080 (http)
2026-05-22 16:51:22.079 INFO  [restartedMain] o.a.coyote.http11.Http11NioProtocol - Initializing ProtocolHandler ["http-nio-8080"]
2026-05-22 16:51:22.081 INFO  [restartedMain] o.a.catalina.core.StandardService - Starting service [Tomcat]
2026-05-22 16:51:22.081 INFO  [restartedMain] o.a.catalina.core.StandardEngine - Starting Servlet engine: [Apache Tomcat/11.0.15]
2026-05-22 16:51:22.141 INFO  [restartedMain] o.s.b.w.c.s.WebApplicationContextInitializer - Root WebApplicationContext: initialization completed in 2293 ms
2026-05-22 16:51:22.395 WARN  [restartedMain] o.a.c.c.C.[Tomcat].[localhost].[/] - Cannot deserialize session attribute [SPRING_SECURITY_CONTEXT] for session [9161A5A885A553E9F932A75BCBF93CCA]
2026-05-22 16:51:22.580 INFO  [restartedMain] org.hibernate.orm.jpa - HHH008540: Processing PersistenceUnitInfo [name: default]
2026-05-22 16:51:22.663 INFO  [restartedMain] org.hibernate.orm.core - HHH000001: Hibernate ORM core version 7.2.1.Final
2026-05-22 16:51:23.499 INFO  [restartedMain] o.s.o.j.p.SpringPersistenceUnitInfo - No LoadTimeWeaver setup: ignoring JPA class transformer
2026-05-22 16:51:23.548 INFO  [restartedMain] com.zaxxer.hikari.HikariDataSource - SkyAirlinesHikariPool - Starting...
2026-05-22 16:51:24.173 INFO  [restartedMain] com.zaxxer.hikari.pool.HikariPool - SkyAirlinesHikariPool - Added connection com.mysql.cj.jdbc.ConnectionImpl@468d411
2026-05-22 16:51:24.175 INFO  [restartedMain] com.zaxxer.hikari.HikariDataSource - SkyAirlinesHikariPool - Start completed.
2026-05-22 16:51:24.375 WARN  [restartedMain] org.hibernate.orm.deprecation - HHH90000025: MySQLDialect does not need to be specified explicitly using 'hibernate.dialect' (remove the property setting and it will be selected by default)
2026-05-22 16:51:24.408 INFO  [restartedMain] o.hibernate.orm.connections.pooling - HHH10001005: Database info:
	Database JDBC URL [jdbc:mysql://localhost:3306/course-2026-np]
	Database driver: MySQL Connector/J
	Database dialect: MySQLDialect
	Database version: 8.0.45
	Default catalog/schema: course-2026-np/undefined
	Autocommit mode: undefined/unknown
	Isolation level: REPEATABLE_READ [default REPEATABLE_READ]
	JDBC fetch size: none
	Pool: DataSourceConnectionProvider
	Minimum pool size: undefined/unknown
	Maximum pool size: undefined/unknown
2026-05-22 16:51:26.153 INFO  [restartedMain] org.hibernate.orm.core - HHH000489: No JTA platform available (set 'hibernate.transaction.jta.platform' to enable JTA platform integration)
2026-05-22 16:51:26.158 INFO  [restartedMain] org.hibernate.orm.jdbc.batch - HHH100501: Automatic JDBC statement batching enabled (maximum batch size 20)
2026-05-22 16:51:26.420 INFO  [restartedMain] o.s.o.j.LocalContainerEntityManagerFactoryBean - Initialized JPA EntityManagerFactory for persistence unit 'default'
2026-05-22 16:51:26.569 INFO  [restartedMain] o.s.d.j.r.q.QueryEnhancerFactories - Hibernate is in classpath; If applicable, HQL parser will be used.
2026-05-22 16:51:29.268 INFO  [restartedMain] o.s.s.c.a.a.c.InitializeAuthenticationProviderBeanManagerConfigurer$InitializeAuthenticationProviderManagerConfigurer - Global AuthenticationManager configured with AuthenticationProvider bean with name authenticationProvider
2026-05-22 16:51:29.270 WARN  [restartedMain] o.s.s.c.a.a.c.InitializeUserDetailsBeanManagerConfigurer$InitializeUserDetailsManagerConfigurer - Global AuthenticationManager configured with an AuthenticationProvider bean. UserDetailsService beans will not be used by Spring Security for automatically configuring username/password login. Consider removing the AuthenticationProvider bean. Alternatively, consider using the UserDetailsService in a manually instantiated DaoAuthenticationProvider. If the current configuration is intentional, to turn off this warning, increase the logging level of 'org.springframework.security.config.annotation.authentication.configuration.InitializeUserDetailsBeanManagerConfigurer' to ERROR
2026-05-22 16:51:29.331 WARN  [restartedMain] o.s.b.j.a.JpaBaseConfiguration$JpaWebConfiguration - spring.jpa.open-in-view is enabled by default. Therefore, database queries may be performed during view rendering. Explicitly configure spring.jpa.open-in-view to disable this warning
2026-05-22 16:51:29.888 INFO  [restartedMain] o.s.b.w.a.WelcomePageHandlerMapping - Adding welcome page template: index
2026-05-22 16:51:31.282 INFO  [restartedMain] o.s.b.a.e.web.EndpointLinksResolver - Exposing 1 endpoint beneath base path '/actuator'
2026-05-22 16:51:31.413 INFO  [restartedMain] o.a.coyote.http11.Http11NioProtocol - Starting ProtocolHandler ["http-nio-8080"]
2026-05-22 16:51:31.441 INFO  [restartedMain] o.s.boot.tomcat.TomcatWebServer - Tomcat started on port 8080 (http) with context path '/'
2026-05-22 16:51:31.459 INFO  [restartedMain] ua.com.kisit.course2026np.Main - Started Main in 12.447 seconds (process running for 13.482)
2026-05-22 16:51:31.616 INFO  [restartedMain] u.c.k.c.s.PasswordMigrationRunner - Усі паролі вже у форматі BCrypt — міграція не потрібна.
2026-05-22 16:51:31.905 INFO  [RMI TCP Connection(4)-192.168.56.1] o.a.c.c.C.[Tomcat].[localhost].[/] - Initializing Spring DispatcherServlet 'dispatcherServlet'
2026-05-22 16:51:31.905 INFO  [RMI TCP Connection(4)-192.168.56.1] o.s.web.servlet.DispatcherServlet - Initializing Servlet 'dispatcherServlet'
2026-05-22 16:51:31.908 INFO  [RMI TCP Connection(4)-192.168.56.1] o.s.web.servlet.DispatcherServlet - Completed initialization in 2 ms
2026-05-22 16:52:09.384 DEBUG [http-nio-8080-exec-5] u.c.k.c.c.FlightManagerController - Перегляд списку рейсів користувачем admin@skyair.ua
2026-05-22 16:52:12.534 DEBUG [http-nio-8080-exec-7] u.c.k.c.c.FlightManagerController - Перегляд списку рейсів користувачем admin@skyair.ua
2026-05-22 16:52:18.817 DEBUG [http-nio-8080-exec-9] u.c.k.c.c.FlightManagerController - Перегляд списку рейсів користувачем admin@skyair.ua
2026-05-22 16:52:21.162 DEBUG [http-nio-8080-exec-10] u.c.k.c.c.AircraftManagerController - Перегляд списку літаків користувачем admin@skyair.ua
2026-05-22 16:52:26.997 DEBUG [http-nio-8080-exec-2] u.c.k.c.c.AircraftManagerController - Перегляд списку літаків користувачем admin@skyair.ua
2026-05-22 16:52:31.184 DEBUG [http-nio-8080-exec-4] u.c.k.c.c.AircraftManagerController - Перегляд списку літаків користувачем admin@skyair.ua
2026-05-22 16:52:35.800 DEBUG [http-nio-8080-exec-5] u.c.k.c.c.PassengerManagerController - Перегляд списку пасажирів користувачем admin@skyair.ua, search=null
2026-05-22 16:53:00.207 DEBUG [http-nio-8080-exec-7] u.c.k.c.c.TicketManagerController - Перегляд списку квитків користувачем admin@skyair.ua
2026-05-22 16:56:03.405 DEBUG [http-nio-8080-exec-1] u.c.k.c.c.FlightManagerController - Перегляд списку рейсів користувачем admin@skyair.ua
2026-05-22 16:56:06.006 DEBUG [http-nio-8080-exec-2] u.c.k.c.c.AircraftManagerController - Перегляд списку літаків користувачем admin@skyair.ua
2026-05-22 16:56:06.523 DEBUG [http-nio-8080-exec-3] u.c.k.c.c.PassengerManagerController - Перегляд списку пасажирів користувачем admin@skyair.ua, search=null
2026-05-22 16:56:08.343 DEBUG [http-nio-8080-exec-4] u.c.k.c.c.TicketManagerController - Перегляд списку квитків користувачем admin@skyair.ua
2026-05-22 16:56:20.133 DEBUG [http-nio-8080-exec-6] u.c.k.c.c.TicketManagerController - Перегляд списку квитків користувачем admin@skyair.ua
2026-05-22 16:57:15.066 DEBUG [http-nio-8080-exec-10] u.c.k.c.c.FlightManagerController - Перегляд списку рейсів користувачем admin@skyair.ua
2026-05-22 17:18:14.008 DEBUG [http-nio-8080-exec-10] u.c.k.c.c.FlightManagerController - Перегляд списку рейсів користувачем admin@skyair.ua
2026-05-22 17:18:15.814 DEBUG [http-nio-8080-exec-1] u.c.k.c.c.FlightManagerController - Перегляд списку рейсів користувачем admin@skyair.ua
2026-05-22 17:19:50.585 DEBUG [http-nio-8080-exec-6] u.c.k.c.c.FlightManagerController - Перегляд списку рейсів користувачем admin@skyair.ua
2026-05-22 17:20:38.823 DEBUG [http-nio-8080-exec-7] u.c.k.c.c.FlightManagerController - Перегляд списку рейсів користувачем admin@skyair.ua
2026-05-22 17:20:40.333 DEBUG [http-nio-8080-exec-8] u.c.k.c.c.FlightManagerController - Перегляд списку рейсів користувачем admin@skyair.ua
2026-05-22 17:20:56.873 DEBUG [http-nio-8080-exec-3] u.c.k.c.c.FlightManagerController - Перегляд списку рейсів користувачем admin@skyair.ua
2026-05-22 17:23:58.063 DEBUG [http-nio-8080-exec-5] u.c.k.c.c.AircraftManagerController - Перегляд списку літаків користувачем admin@skyair.ua
2026-05-22 17:24:00.252 DEBUG [http-nio-8080-exec-7] u.c.k.c.c.FlightManagerController - Перегляд списку рейсів користувачем admin@skyair.ua
