2026-05-05 14:33:15.056 INFO  [restartedMain] ua.com.kisit.course2026np.Main - Starting Main using Java 24.0.2 with PID 12396 (D:\ООП\practica\git\course-2026-np\target\classes started by User in D:\ООП\practica\git\course-2026-np)
2026-05-05 14:33:15.061 DEBUG [restartedMain] ua.com.kisit.course2026np.Main - Running with Spring Boot v4.0.2, Spring v7.0.3
2026-05-05 14:33:15.062 INFO  [restartedMain] ua.com.kisit.course2026np.Main - No active profile set, falling back to 1 default profile: "default"
2026-05-05 14:33:15.164 INFO  [restartedMain] o.s.b.d.e.DevToolsPropertyDefaultsPostProcessor - Devtools property defaults active! Set 'spring.devtools.add-properties' to 'false' to disable
2026-05-05 14:33:15.164 INFO  [restartedMain] o.s.b.d.e.DevToolsPropertyDefaultsPostProcessor - For additional web related logging consider setting the 'logging.level.web' property to 'DEBUG'
2026-05-05 14:33:15.444 INFO  [background-preinit] o.h.validator.internal.util.Version - HV000001: Hibernate Validator 9.0.1.Final
2026-05-05 14:33:16.564 INFO  [restartedMain] o.s.d.r.c.RepositoryConfigurationDelegate - Multiple Spring Data modules found, entering strict repository configuration mode
2026-05-05 14:33:16.566 INFO  [restartedMain] o.s.d.r.c.RepositoryConfigurationDelegate - Bootstrapping Spring Data JDBC repositories in DEFAULT mode.
2026-05-05 14:33:16.612 INFO  [restartedMain] o.s.d.r.c.RepositoryConfigurationExtensionSupport - Spring Data JDBC - Could not safely identify store assignment for repository candidate interface ua.com.kisit.course2026np.repository.AircraftRepository; If you want this repository to be a JDBC repository, consider annotating your entities with one of these annotations: org.springframework.data.relational.core.mapping.Table.
2026-05-05 14:33:16.613 INFO  [restartedMain] o.s.d.r.c.RepositoryConfigurationExtensionSupport - Spring Data JDBC - Could not safely identify store assignment for repository candidate interface ua.com.kisit.course2026np.repository.CrewMemberRepository; If you want this repository to be a JDBC repository, consider annotating your entities with one of these annotations: org.springframework.data.relational.core.mapping.Table.
2026-05-05 14:33:16.615 INFO  [restartedMain] o.s.d.r.c.RepositoryConfigurationExtensionSupport - Spring Data JDBC - Could not safely identify store assignment for repository candidate interface ua.com.kisit.course2026np.repository.CrewRepository; If you want this repository to be a JDBC repository, consider annotating your entities with one of these annotations: org.springframework.data.relational.core.mapping.Table.
2026-05-05 14:33:16.616 INFO  [restartedMain] o.s.d.r.c.RepositoryConfigurationExtensionSupport - Spring Data JDBC - Could not safely identify store assignment for repository candidate interface ua.com.kisit.course2026np.repository.FlightRepository; If you want this repository to be a JDBC repository, consider annotating your entities with one of these annotations: org.springframework.data.relational.core.mapping.Table.
2026-05-05 14:33:16.618 INFO  [restartedMain] o.s.d.r.c.RepositoryConfigurationExtensionSupport - Spring Data JDBC - Could not safely identify store assignment for repository candidate interface ua.com.kisit.course2026np.repository.PassengerRepository; If you want this repository to be a JDBC repository, consider annotating your entities with one of these annotations: org.springframework.data.relational.core.mapping.Table.
2026-05-05 14:33:16.619 INFO  [restartedMain] o.s.d.r.c.RepositoryConfigurationExtensionSupport - Spring Data JDBC - Could not safely identify store assignment for repository candidate interface ua.com.kisit.course2026np.repository.TicketRepository; If you want this repository to be a JDBC repository, consider annotating your entities with one of these annotations: org.springframework.data.relational.core.mapping.Table.
2026-05-05 14:33:16.621 INFO  [restartedMain] o.s.d.r.c.RepositoryConfigurationExtensionSupport - Spring Data JDBC - Could not safely identify store assignment for repository candidate interface ua.com.kisit.course2026np.repository.UserRepository; If you want this repository to be a JDBC repository, consider annotating your entities with one of these annotations: org.springframework.data.relational.core.mapping.Table.
2026-05-05 14:33:16.622 INFO  [restartedMain] o.s.d.r.c.RepositoryConfigurationDelegate - Finished Spring Data repository scanning in 48 ms. Found 0 JDBC repository interfaces.
2026-05-05 14:33:16.639 INFO  [restartedMain] o.s.d.r.c.RepositoryConfigurationDelegate - Multiple Spring Data modules found, entering strict repository configuration mode
2026-05-05 14:33:16.641 INFO  [restartedMain] o.s.d.r.c.RepositoryConfigurationDelegate - Bootstrapping Spring Data JPA repositories in DEFAULT mode.
2026-05-05 14:33:16.712 INFO  [restartedMain] o.s.d.r.c.RepositoryConfigurationDelegate - Finished Spring Data repository scanning in 62 ms. Found 7 JPA repository interfaces.
2026-05-05 14:33:17.613 INFO  [restartedMain] o.s.boot.tomcat.TomcatWebServer - Tomcat initialized with port 8080 (http)
2026-05-05 14:33:17.637 INFO  [restartedMain] o.a.coyote.http11.Http11NioProtocol - Initializing ProtocolHandler ["http-nio-8080"]
2026-05-05 14:33:17.640 INFO  [restartedMain] o.a.catalina.core.StandardService - Starting service [Tomcat]
2026-05-05 14:33:17.640 INFO  [restartedMain] o.a.catalina.core.StandardEngine - Starting Servlet engine: [Apache Tomcat/11.0.15]
2026-05-05 14:33:17.711 INFO  [restartedMain] o.s.b.w.c.s.WebApplicationContextInitializer - Root WebApplicationContext: initialization completed in 2546 ms
2026-05-05 14:33:17.996 INFO  [restartedMain] org.hibernate.orm.jpa - HHH008540: Processing PersistenceUnitInfo [name: default]
2026-05-05 14:33:18.096 INFO  [restartedMain] org.hibernate.orm.core - HHH000001: Hibernate ORM core version 7.2.1.Final
2026-05-05 14:33:18.849 INFO  [restartedMain] o.s.o.j.p.SpringPersistenceUnitInfo - No LoadTimeWeaver setup: ignoring JPA class transformer
2026-05-05 14:33:18.904 INFO  [restartedMain] com.zaxxer.hikari.HikariDataSource - SkyAirlinesHikariPool - Starting...
2026-05-05 14:33:19.629 INFO  [restartedMain] com.zaxxer.hikari.pool.HikariPool - SkyAirlinesHikariPool - Added connection com.mysql.cj.jdbc.ConnectionImpl@389aabfd
2026-05-05 14:33:19.632 INFO  [restartedMain] com.zaxxer.hikari.HikariDataSource - SkyAirlinesHikariPool - Start completed.
2026-05-05 14:33:19.709 WARN  [restartedMain] org.hibernate.orm.deprecation - HHH90000025: MySQLDialect does not need to be specified explicitly using 'hibernate.dialect' (remove the property setting and it will be selected by default)
2026-05-05 14:33:19.736 INFO  [restartedMain] o.hibernate.orm.connections.pooling - HHH10001005: Database info:
	Database JDBC URL [jdbc:mysql://localhost:3306/course-2026-np]
	Database driver: MySQL Connector/J
	Database dialect: MySQLDialect
	Database version: 8.0.45
	Default catalog/schema: course-2026-np/undefined
	Autocommit mode: undefined/unknown
	Isolation level: REPEATABLE_READ [default REPEATABLE_READ]
	JDBC fetch size: none
	Pool: DataSourceConnectionProvider
	Minimum pool size: undefined/unknown
	Maximum pool size: undefined/unknown
2026-05-05 14:33:21.296 INFO  [restartedMain] org.hibernate.orm.core - HHH000489: No JTA platform available (set 'hibernate.transaction.jta.platform' to enable JTA platform integration)
2026-05-05 14:33:21.301 INFO  [restartedMain] org.hibernate.orm.jdbc.batch - HHH100501: Automatic JDBC statement batching enabled (maximum batch size 20)
2026-05-05 14:33:21.571 INFO  [restartedMain] o.s.o.j.LocalContainerEntityManagerFactoryBean - Initialized JPA EntityManagerFactory for persistence unit 'default'
2026-05-05 14:33:21.720 INFO  [restartedMain] o.s.d.j.r.q.QueryEnhancerFactories - Hibernate is in classpath; If applicable, HQL parser will be used.
2026-05-05 14:33:23.798 INFO  [restartedMain] o.s.s.c.a.a.c.InitializeAuthenticationProviderBeanManagerConfigurer$InitializeAuthenticationProviderManagerConfigurer - Global AuthenticationManager configured with AuthenticationProvider bean with name authenticationProvider
2026-05-05 14:33:23.798 WARN  [restartedMain] o.s.s.c.a.a.c.InitializeUserDetailsBeanManagerConfigurer$InitializeUserDetailsManagerConfigurer - Global AuthenticationManager configured with an AuthenticationProvider bean. UserDetailsService beans will not be used by Spring Security for automatically configuring username/password login. Consider removing the AuthenticationProvider bean. Alternatively, consider using the UserDetailsService in a manually instantiated DaoAuthenticationProvider. If the current configuration is intentional, to turn off this warning, increase the logging level of 'org.springframework.security.config.annotation.authentication.configuration.InitializeUserDetailsBeanManagerConfigurer' to ERROR
2026-05-05 14:33:23.837 WARN  [restartedMain] o.s.b.j.a.JpaBaseConfiguration$JpaWebConfiguration - spring.jpa.open-in-view is enabled by default. Therefore, database queries may be performed during view rendering. Explicitly configure spring.jpa.open-in-view to disable this warning
2026-05-05 14:33:24.290 INFO  [restartedMain] o.s.b.w.a.WelcomePageHandlerMapping - Adding welcome page template: index
2026-05-05 14:33:25.166 INFO  [restartedMain] o.a.coyote.http11.Http11NioProtocol - Starting ProtocolHandler ["http-nio-8080"]
2026-05-05 14:33:25.189 INFO  [restartedMain] o.s.boot.tomcat.TomcatWebServer - Tomcat started on port 8080 (http) with context path '/'
2026-05-05 14:33:25.196 INFO  [restartedMain] ua.com.kisit.course2026np.Main - Started Main in 11.179 seconds (process running for 12.461)
2026-05-05 14:33:25.345 INFO  [restartedMain] u.c.k.c.s.PasswordMigrationRunner - Усі паролі вже у форматі BCrypt — міграція не потрібна.
2026-05-05 14:33:29.815 INFO  [http-nio-8080-exec-1] o.a.c.c.C.[Tomcat].[localhost].[/] - Initializing Spring DispatcherServlet 'dispatcherServlet'
2026-05-05 14:33:29.816 INFO  [http-nio-8080-exec-1] o.s.web.servlet.DispatcherServlet - Initializing Servlet 'dispatcherServlet'
2026-05-05 14:33:29.818 INFO  [http-nio-8080-exec-1] o.s.web.servlet.DispatcherServlet - Completed initialization in 2 ms
2026-05-08 18:08:25.049 INFO  [restartedMain] ua.com.kisit.course2026np.Main - Starting Main using Java 24.0.2 with PID 9116 (D:\ООП\practica\git\course-2026-np\target\classes started by User in D:\ООП\practica\git\course-2026-np)
2026-05-08 18:08:25.052 DEBUG [restartedMain] ua.com.kisit.course2026np.Main - Running with Spring Boot v4.0.2, Spring v7.0.3
2026-05-08 18:08:25.053 INFO  [restartedMain] ua.com.kisit.course2026np.Main - No active profile set, falling back to 1 default profile: "default"
2026-05-08 18:08:25.127 INFO  [restartedMain] o.s.b.d.e.DevToolsPropertyDefaultsPostProcessor - Devtools property defaults active! Set 'spring.devtools.add-properties' to 'false' to disable
2026-05-08 18:08:25.127 INFO  [restartedMain] o.s.b.d.e.DevToolsPropertyDefaultsPostProcessor - For additional web related logging consider setting the 'logging.level.web' property to 'DEBUG'
2026-05-08 18:08:25.357 INFO  [background-preinit] o.h.validator.internal.util.Version - HV000001: Hibernate Validator 9.0.1.Final
2026-05-08 18:08:26.213 INFO  [restartedMain] o.s.d.r.c.RepositoryConfigurationDelegate - Multiple Spring Data modules found, entering strict repository configuration mode
2026-05-08 18:08:26.214 INFO  [restartedMain] o.s.d.r.c.RepositoryConfigurationDelegate - Bootstrapping Spring Data JDBC repositories in DEFAULT mode.
2026-05-08 18:08:26.256 INFO  [restartedMain] o.s.d.r.c.RepositoryConfigurationExtensionSupport - Spring Data JDBC - Could not safely identify store assignment for repository candidate interface ua.com.kisit.course2026np.repository.AircraftRepository; If you want this repository to be a JDBC repository, consider annotating your entities with one of these annotations: org.springframework.data.relational.core.mapping.Table.
2026-05-08 18:08:26.257 INFO  [restartedMain] o.s.d.r.c.RepositoryConfigurationExtensionSupport - Spring Data JDBC - Could not safely identify store assignment for repository candidate interface ua.com.kisit.course2026np.repository.CrewMemberRepository; If you want this repository to be a JDBC repository, consider annotating your entities with one of these annotations: org.springframework.data.relational.core.mapping.Table.
2026-05-08 18:08:26.259 INFO  [restartedMain] o.s.d.r.c.RepositoryConfigurationExtensionSupport - Spring Data JDBC - Could not safely identify store assignment for repository candidate interface ua.com.kisit.course2026np.repository.CrewRepository; If you want this repository to be a JDBC repository, consider annotating your entities with one of these annotations: org.springframework.data.relational.core.mapping.Table.
2026-05-08 18:08:26.260 INFO  [restartedMain] o.s.d.r.c.RepositoryConfigurationExtensionSupport - Spring Data JDBC - Could not safely identify store assignment for repository candidate interface ua.com.kisit.course2026np.repository.FlightRepository; If you want this repository to be a JDBC repository, consider annotating your entities with one of these annotations: org.springframework.data.relational.core.mapping.Table.
2026-05-08 18:08:26.262 INFO  [restartedMain] o.s.d.r.c.RepositoryConfigurationExtensionSupport - Spring Data JDBC - Could not safely identify store assignment for repository candidate interface ua.com.kisit.course2026np.repository.PassengerRepository; If you want this repository to be a JDBC repository, consider annotating your entities with one of these annotations: org.springframework.data.relational.core.mapping.Table.
2026-05-08 18:08:26.263 INFO  [restartedMain] o.s.d.r.c.RepositoryConfigurationExtensionSupport - Spring Data JDBC - Could not safely identify store assignment for repository candidate interface ua.com.kisit.course2026np.repository.TicketRepository; If you want this repository to be a JDBC repository, consider annotating your entities with one of these annotations: org.springframework.data.relational.core.mapping.Table.
2026-05-08 18:08:26.264 INFO  [restartedMain] o.s.d.r.c.RepositoryConfigurationExtensionSupport - Spring Data JDBC - Could not safely identify store assignment for repository candidate interface ua.com.kisit.course2026np.repository.UserRepository; If you want this repository to be a JDBC repository, consider annotating your entities with one of these annotations: org.springframework.data.relational.core.mapping.Table.
2026-05-08 18:08:26.265 INFO  [restartedMain] o.s.d.r.c.RepositoryConfigurationDelegate - Finished Spring Data repository scanning in 44 ms. Found 0 JDBC repository interfaces.
2026-05-08 18:08:26.278 INFO  [restartedMain] o.s.d.r.c.RepositoryConfigurationDelegate - Multiple Spring Data modules found, entering strict repository configuration mode
2026-05-08 18:08:26.279 INFO  [restartedMain] o.s.d.r.c.RepositoryConfigurationDelegate - Bootstrapping Spring Data JPA repositories in DEFAULT mode.
2026-05-08 18:08:26.327 INFO  [restartedMain] o.s.d.r.c.RepositoryConfigurationDelegate - Finished Spring Data repository scanning in 41 ms. Found 7 JPA repository interfaces.
2026-05-08 18:08:27.112 INFO  [restartedMain] o.s.boot.tomcat.TomcatWebServer - Tomcat initialized with port 8080 (http)
2026-05-08 18:08:27.133 INFO  [restartedMain] o.a.coyote.http11.Http11NioProtocol - Initializing ProtocolHandler ["http-nio-8080"]
2026-05-08 18:08:27.135 INFO  [restartedMain] o.a.catalina.core.StandardService - Starting service [Tomcat]
2026-05-08 18:08:27.136 INFO  [restartedMain] o.a.catalina.core.StandardEngine - Starting Servlet engine: [Apache Tomcat/11.0.15]
2026-05-08 18:08:27.199 INFO  [restartedMain] o.s.b.w.c.s.WebApplicationContextInitializer - Root WebApplicationContext: initialization completed in 2071 ms
2026-05-08 18:08:27.440 INFO  [restartedMain] org.hibernate.orm.jpa - HHH008540: Processing PersistenceUnitInfo [name: default]
2026-05-08 18:08:27.500 INFO  [restartedMain] org.hibernate.orm.core - HHH000001: Hibernate ORM core version 7.2.1.Final
2026-05-08 18:08:28.215 INFO  [restartedMain] o.s.o.j.p.SpringPersistenceUnitInfo - No LoadTimeWeaver setup: ignoring JPA class transformer
2026-05-08 18:08:28.254 INFO  [restartedMain] com.zaxxer.hikari.HikariDataSource - SkyAirlinesHikariPool - Starting...
2026-05-08 18:08:28.261 WARN  [restartedMain] org.hibernate.orm.jdbc - HHH100046: Could not obtain connection to query JDBC database metadata
java.lang.RuntimeException: Driver com.mysql.cj.jdbc.Driver claims to not accept jdbcUrl, ${DB_URL}
	at com.zaxxer.hikari.util.DriverDataSource.<init>(DriverDataSource.java:116)
	at com.zaxxer.hikari.pool.PoolBase.initializeDataSource(PoolBase.java:336)
	at com.zaxxer.hikari.pool.PoolBase.<init>(PoolBase.java:121)
	at com.zaxxer.hikari.pool.HikariPool.<init>(HikariPool.java:90)
	at com.zaxxer.hikari.HikariDataSource.getConnection(HikariDataSource.java:111)
	at org.hibernate.engine.jdbc.connections.internal.DataSourceConnectionProvider.getConnection(DataSourceConnectionProvider.java:137)
	at org.hibernate.engine.jdbc.env.internal.JdbcEnvironmentInitiator$ConnectionProviderJdbcConnectionAccess.obtainConnection(JdbcEnvironmentInitiator.java:508)
	at org.hibernate.resource.transaction.backend.jdbc.internal.JdbcIsolationDelegate.delegateWork(JdbcIsolationDelegate.java:48)
	at org.hibernate.engine.jdbc.env.internal.JdbcEnvironmentInitiator.getJdbcEnvironmentUsingJdbcMetadata(JdbcEnvironmentInitiator.java:366)
	at org.hibernate.engine.jdbc.env.internal.JdbcEnvironmentInitiator.getJdbcEnvironment(JdbcEnvironmentInitiator.java:143)
	at org.hibernate.engine.jdbc.env.internal.JdbcEnvironmentInitiator.initiateService(JdbcEnvironmentInitiator.java:120)
	at org.hibernate.engine.jdbc.env.internal.JdbcEnvironmentInitiator.initiateService(JdbcEnvironmentInitiator.java:80)
	at org.hibernate.boot.registry.internal.StandardServiceRegistryImpl.initiateService(StandardServiceRegistryImpl.java:133)
	at org.hibernate.service.internal.AbstractServiceRegistryImpl.createService(AbstractServiceRegistryImpl.java:260)
	at org.hibernate.service.internal.AbstractServiceRegistryImpl.initializeService(AbstractServiceRegistryImpl.java:235)
	at org.hibernate.service.internal.AbstractServiceRegistryImpl.getService(AbstractServiceRegistryImpl.java:212)
	at org.hibernate.boot.model.relational.Database.<init>(Database.java:44)
	at org.hibernate.boot.internal.InFlightMetadataCollectorImpl.getDatabase(InFlightMetadataCollectorImpl.java:251)
	at org.hibernate.boot.internal.InFlightMetadataCollectorImpl.<init>(InFlightMetadataCollectorImpl.java:203)
	at org.hibernate.boot.model.process.spi.MetadataBuildingProcess.complete(MetadataBuildingProcess.java:170)
	at org.hibernate.jpa.boot.internal.EntityManagerFactoryBuilderImpl.metadata(EntityManagerFactoryBuilderImpl.java:1392)
	at org.hibernate.jpa.boot.internal.EntityManagerFactoryBuilderImpl.populateSessionFactoryBuilder(EntityManagerFactoryBuilderImpl.java:1472)
	at org.hibernate.jpa.boot.internal.EntityManagerFactoryBuilderImpl.build(EntityManagerFactoryBuilderImpl.java:1454)
	at org.springframework.orm.jpa.vendor.SpringHibernateJpaPersistenceProvider.createContainerEntityManagerFactory(SpringHibernateJpaPersistenceProvider.java:66)
	at org.springframework.orm.jpa.LocalContainerEntityManagerFactoryBean.createNativeEntityManagerFactory(LocalContainerEntityManagerFactoryBean.java:433)
	at org.springframework.orm.jpa.AbstractEntityManagerFactoryBean.buildNativeEntityManagerFactory(AbstractEntityManagerFactoryBean.java:416)
	at org.springframework.orm.jpa.AbstractEntityManagerFactoryBean.afterPropertiesSet(AbstractEntityManagerFactoryBean.java:396)
	at org.springframework.orm.jpa.LocalContainerEntityManagerFactoryBean.afterPropertiesSet(LocalContainerEntityManagerFactoryBean.java:409)
	at org.springframework.beans.factory.support.AbstractAutowireCapableBeanFactory.invokeInitMethods(AbstractAutowireCapableBeanFactory.java:1864)
	at org.springframework.beans.factory.support.AbstractAutowireCapableBeanFactory.initializeBean(AbstractAutowireCapableBeanFactory.java:1813)
	at org.springframework.beans.factory.support.AbstractAutowireCapableBeanFactory.doCreateBean(AbstractAutowireCapableBeanFactory.java:603)
	at org.springframework.beans.factory.support.AbstractAutowireCapableBeanFactory.createBean(AbstractAutowireCapableBeanFactory.java:525)
	at org.springframework.beans.factory.support.AbstractBeanFactory.lambda$doGetBean$0(AbstractBeanFactory.java:333)
	at org.springframework.beans.factory.support.DefaultSingletonBeanRegistry.getSingleton(DefaultSingletonBeanRegistry.java:371)
	at org.springframework.beans.factory.support.AbstractBeanFactory.doGetBean(AbstractBeanFactory.java:331)
	at org.springframework.beans.factory.support.AbstractBeanFactory.getBean(AbstractBeanFactory.java:201)
	at org.springframework.context.support.AbstractApplicationContext.finishBeanFactoryInitialization(AbstractApplicationContext.java:976)
	at org.springframework.context.support.AbstractApplicationContext.refresh(AbstractApplicationContext.java:620)
	at org.springframework.boot.web.server.servlet.context.ServletWebServerApplicationContext.refresh(ServletWebServerApplicationContext.java:143)
	at org.springframework.boot.SpringApplication.refresh(SpringApplication.java:756)
	at org.springframework.boot.SpringApplication.refreshContext(SpringApplication.java:445)
	at org.springframework.boot.SpringApplication.run(SpringApplication.java:321)
	at org.springframework.boot.SpringApplication.run(SpringApplication.java:1365)
	at org.springframework.boot.SpringApplication.run(SpringApplication.java:1354)
	at ua.com.kisit.course2026np.Main.main(Main.java:10)
	at java.base/jdk.internal.reflect.DirectMethodHandleAccessor.invoke(DirectMethodHandleAccessor.java:104)
	at java.base/java.lang.reflect.Method.invoke(Method.java:565)
	at org.springframework.boot.devtools.restart.RestartLauncher.run(RestartLauncher.java:52)
2026-05-08 18:08:28.285 WARN  [restartedMain] org.hibernate.orm.deprecation - HHH90000025: MySQLDialect does not need to be specified explicitly using 'hibernate.dialect' (remove the property setting and it will be selected by default)
2026-05-08 18:08:28.298 INFO  [restartedMain] o.hibernate.orm.connections.pooling - HHH10001005: Database info:
	Database JDBC URL [undefined/unknown]
	Database driver: undefined/unknown
	Database dialect: MySQLDialect
	Database version: 8.0
	Default catalog/schema: unknown/unknown
	Autocommit mode: undefined/unknown
	Isolation level: NONE [default NONE]
	JDBC fetch size: undefined/unknown
	Pool: DataSourceConnectionProvider
	Minimum pool size: undefined/unknown
	Maximum pool size: undefined/unknown
2026-05-08 18:08:29.842 INFO  [restartedMain] org.hibernate.orm.core - HHH000489: No JTA platform available (set 'hibernate.transaction.jta.platform' to enable JTA platform integration)
2026-05-08 18:08:29.847 INFO  [restartedMain] org.hibernate.orm.jdbc.batch - HHH100501: Automatic JDBC statement batching enabled (maximum batch size 20)
2026-05-08 18:08:29.890 INFO  [restartedMain] com.zaxxer.hikari.HikariDataSource - SkyAirlinesHikariPool - Starting...
2026-05-08 18:08:29.897 ERROR [restartedMain] o.s.o.j.LocalContainerEntityManagerFactoryBean - Failed to initialize JPA EntityManagerFactory: Unable to build Hibernate SessionFactory  [persistence unit: default] ; nested exception is java.lang.RuntimeException: Driver com.mysql.cj.jdbc.Driver claims to not accept jdbcUrl, ${DB_URL}
2026-05-08 18:08:29.898 WARN  [restartedMain] o.s.b.w.s.s.c.AnnotationConfigServletWebServerApplicationContext - Exception encountered during context initialization - cancelling refresh attempt: org.springframework.beans.factory.BeanCreationException: Error creating bean with name 'entityManagerFactory' defined in class path resource [org/springframework/boot/hibernate/autoconfigure/HibernateJpaConfiguration.class]: Unable to build Hibernate SessionFactory  [persistence unit: default] ; nested exception is java.lang.RuntimeException: Driver com.mysql.cj.jdbc.Driver claims to not accept jdbcUrl, ${DB_URL}
2026-05-08 18:08:29.903 INFO  [restartedMain] o.a.catalina.core.StandardService - Stopping service [Tomcat]
2026-05-08 18:08:29.918 INFO  [restartedMain] o.s.b.a.l.ConditionEvaluationReportLogger - 

Error starting ApplicationContext. To display the condition evaluation report re-run your application with 'debug' enabled.
2026-05-08 18:08:29.943 ERROR [restartedMain] o.s.boot.SpringApplication - Application run failed
org.springframework.beans.factory.BeanCreationException: Error creating bean with name 'entityManagerFactory' defined in class path resource [org/springframework/boot/hibernate/autoconfigure/HibernateJpaConfiguration.class]: Unable to build Hibernate SessionFactory  [persistence unit: default] ; nested exception is java.lang.RuntimeException: Driver com.mysql.cj.jdbc.Driver claims to not accept jdbcUrl, ${DB_URL}
	at org.springframework.beans.factory.support.AbstractAutowireCapableBeanFactory.initializeBean(AbstractAutowireCapableBeanFactory.java:1817)
	at org.springframework.beans.factory.support.AbstractAutowireCapableBeanFactory.doCreateBean(AbstractAutowireCapableBeanFactory.java:603)
	at org.springframework.beans.factory.support.AbstractAutowireCapableBeanFactory.createBean(AbstractAutowireCapableBeanFactory.java:525)
	at org.springframework.beans.factory.support.AbstractBeanFactory.lambda$doGetBean$0(AbstractBeanFactory.java:333)
	at org.springframework.beans.factory.support.DefaultSingletonBeanRegistry.getSingleton(DefaultSingletonBeanRegistry.java:371)
	at org.springframework.beans.factory.support.AbstractBeanFactory.doGetBean(AbstractBeanFactory.java:331)
	at org.springframework.beans.factory.support.AbstractBeanFactory.getBean(AbstractBeanFactory.java:201)
	at org.springframework.context.support.AbstractApplicationContext.finishBeanFactoryInitialization(AbstractApplicationContext.java:976)
	at org.springframework.context.support.AbstractApplicationContext.refresh(AbstractApplicationContext.java:620)
	at org.springframework.boot.web.server.servlet.context.ServletWebServerApplicationContext.refresh(ServletWebServerApplicationContext.java:143)
	at org.springframework.boot.SpringApplication.refresh(SpringApplication.java:756)
	at org.springframework.boot.SpringApplication.refreshContext(SpringApplication.java:445)
	at org.springframework.boot.SpringApplication.run(SpringApplication.java:321)
	at org.springframework.boot.SpringApplication.run(SpringApplication.java:1365)
	at org.springframework.boot.SpringApplication.run(SpringApplication.java:1354)
	at ua.com.kisit.course2026np.Main.main(Main.java:10)
	at java.base/jdk.internal.reflect.DirectMethodHandleAccessor.invoke(DirectMethodHandleAccessor.java:104)
	at java.base/java.lang.reflect.Method.invoke(Method.java:565)
	at org.springframework.boot.devtools.restart.RestartLauncher.run(RestartLauncher.java:52)
Caused by: jakarta.persistence.PersistenceException: Unable to build Hibernate SessionFactory  [persistence unit: default] ; nested exception is java.lang.RuntimeException: Driver com.mysql.cj.jdbc.Driver claims to not accept jdbcUrl, ${DB_URL}
	at org.springframework.orm.jpa.AbstractEntityManagerFactoryBean.buildNativeEntityManagerFactory(AbstractEntityManagerFactoryBean.java:428)
	at org.springframework.orm.jpa.AbstractEntityManagerFactoryBean.afterPropertiesSet(AbstractEntityManagerFactoryBean.java:396)
	at org.springframework.orm.jpa.LocalContainerEntityManagerFactoryBean.afterPropertiesSet(LocalContainerEntityManagerFactoryBean.java:409)
	at org.springframework.beans.factory.support.AbstractAutowireCapableBeanFactory.invokeInitMethods(AbstractAutowireCapableBeanFactory.java:1864)
	at org.springframework.beans.factory.support.AbstractAutowireCapableBeanFactory.initializeBean(AbstractAutowireCapableBeanFactory.java:1813)
	... 18 common frames omitted
Caused by: java.lang.RuntimeException: Driver com.mysql.cj.jdbc.Driver claims to not accept jdbcUrl, ${DB_URL}
	at com.zaxxer.hikari.util.DriverDataSource.<init>(DriverDataSource.java:116)
	at com.zaxxer.hikari.pool.PoolBase.initializeDataSource(PoolBase.java:336)
	at com.zaxxer.hikari.pool.PoolBase.<init>(PoolBase.java:121)
	at com.zaxxer.hikari.pool.HikariPool.<init>(HikariPool.java:90)
	at com.zaxxer.hikari.HikariDataSource.getConnection(HikariDataSource.java:111)
	at org.hibernate.engine.jdbc.connections.internal.DataSourceConnectionProvider.getConnection(DataSourceConnectionProvider.java:137)
	at org.hibernate.engine.jdbc.env.internal.JdbcEnvironmentInitiator$ConnectionProviderJdbcConnectionAccess.obtainConnection(JdbcEnvironmentInitiator.java:508)
	at org.hibernate.resource.transaction.backend.jdbc.internal.DdlTransactionIsolatorNonJtaImpl.getIsolatedConnection(DdlTransactionIsolatorNonJtaImpl.java:44)
	at org.hibernate.resource.transaction.backend.jdbc.internal.DdlTransactionIsolatorNonJtaImpl.getIsolatedConnection(DdlTransactionIsolatorNonJtaImpl.java:37)
	at org.hibernate.tool.schema.internal.exec.ImprovedExtractionContextImpl.getJdbcConnection(ImprovedExtractionContextImpl.java:61)
	at org.hibernate.tool.schema.internal.exec.ImprovedExtractionContextImpl.getJdbcDatabaseMetaData(ImprovedExtractionContextImpl.java:68)
	at org.hibernate.tool.schema.extract.internal.InformationExtractorJdbcDatabaseMetaDataImpl.getJdbcDatabaseMetaData(InformationExtractorJdbcDatabaseMetaDataImpl.java:38)
	at org.hibernate.tool.schema.extract.internal.InformationExtractorJdbcDatabaseMetaDataImpl.processTableResultSet(InformationExtractorJdbcDatabaseMetaDataImpl.java:76)
	at org.hibernate.tool.schema.extract.internal.AbstractInformationExtractorImpl.getTables(AbstractInformationExtractorImpl.java:496)
	at org.hibernate.tool.schema.extract.internal.DatabaseInformationImpl.getTablesInformation(DatabaseInformationImpl.java:124)
	at org.hibernate.tool.schema.internal.GroupedSchemaMigratorImpl.performTablesMigration(GroupedSchemaMigratorImpl.java:72)
	at org.hibernate.tool.schema.internal.AbstractSchemaMigrator.performMigration(AbstractSchemaMigrator.java:220)
	at org.hibernate.tool.schema.internal.AbstractSchemaMigrator.doMigration(AbstractSchemaMigrator.java:96)
	at org.hibernate.tool.schema.spi.SchemaManagementToolCoordinator.performDatabaseAction(SchemaManagementToolCoordinator.java:269)
	at org.hibernate.tool.schema.spi.SchemaManagementToolCoordinator.lambda$process$1(SchemaManagementToolCoordinator.java:101)
	at java.base/java.util.HashMap.forEach(HashMap.java:1430)
	at org.hibernate.tool.schema.spi.SchemaManagementToolCoordinator.process(SchemaManagementToolCoordinator.java:100)
	at org.hibernate.boot.internal.SessionFactoryObserverForSchemaExport.sessionFactoryCreated(SessionFactoryObserverForSchemaExport.java:35)
	at org.hibernate.internal.SessionFactoryObserverChain.sessionFactoryCreated(SessionFactoryObserverChain.java:33)
	at org.hibernate.internal.SessionFactoryImpl.<init>(SessionFactoryImpl.java:323)
	at org.hibernate.internal.SessionFactoryRegistry.instantiateSessionFactory(SessionFactoryRegistry.java:64)
	at org.hibernate.boot.internal.SessionFactoryBuilderImpl.build(SessionFactoryBuilderImpl.java:437)
	at org.hibernate.jpa.boot.internal.EntityManagerFactoryBuilderImpl.build(EntityManagerFactoryBuilderImpl.java:1456)
	at org.springframework.orm.jpa.vendor.SpringHibernateJpaPersistenceProvider.createContainerEntityManagerFactory(SpringHibernateJpaPersistenceProvider.java:66)
	at org.springframework.orm.jpa.LocalContainerEntityManagerFactoryBean.createNativeEntityManagerFactory(LocalContainerEntityManagerFactoryBean.java:433)
	at org.springframework.orm.jpa.AbstractEntityManagerFactoryBean.buildNativeEntityManagerFactory(AbstractEntityManagerFactoryBean.java:416)
	... 22 common frames omitted
2026-05-08 18:09:15.124 INFO  [restartedMain] ua.com.kisit.course2026np.Main - Starting Main using Java 24.0.2 with PID 8372 (D:\ООП\practica\git\course-2026-np\target\classes started by User in D:\ООП\practica\git\course-2026-np)
2026-05-08 18:09:15.128 DEBUG [restartedMain] ua.com.kisit.course2026np.Main - Running with Spring Boot v4.0.2, Spring v7.0.3
2026-05-08 18:09:15.129 INFO  [restartedMain] ua.com.kisit.course2026np.Main - No active profile set, falling back to 1 default profile: "default"
2026-05-08 18:09:15.201 INFO  [restartedMain] o.s.b.d.e.DevToolsPropertyDefaultsPostProcessor - Devtools property defaults active! Set 'spring.devtools.add-properties' to 'false' to disable
2026-05-08 18:09:15.201 INFO  [restartedMain] o.s.b.d.e.DevToolsPropertyDefaultsPostProcessor - For additional web related logging consider setting the 'logging.level.web' property to 'DEBUG'
2026-05-08 18:09:15.403 INFO  [background-preinit] o.h.validator.internal.util.Version - HV000001: Hibernate Validator 9.0.1.Final
2026-05-08 18:09:16.219 INFO  [restartedMain] o.s.d.r.c.RepositoryConfigurationDelegate - Multiple Spring Data modules found, entering strict repository configuration mode
2026-05-08 18:09:16.220 INFO  [restartedMain] o.s.d.r.c.RepositoryConfigurationDelegate - Bootstrapping Spring Data JDBC repositories in DEFAULT mode.
2026-05-08 18:09:16.262 INFO  [restartedMain] o.s.d.r.c.RepositoryConfigurationExtensionSupport - Spring Data JDBC - Could not safely identify store assignment for repository candidate interface ua.com.kisit.course2026np.repository.AircraftRepository; If you want this repository to be a JDBC repository, consider annotating your entities with one of these annotations: org.springframework.data.relational.core.mapping.Table.
2026-05-08 18:09:16.264 INFO  [restartedMain] o.s.d.r.c.RepositoryConfigurationExtensionSupport - Spring Data JDBC - Could not safely identify store assignment for repository candidate interface ua.com.kisit.course2026np.repository.CrewMemberRepository; If you want this repository to be a JDBC repository, consider annotating your entities with one of these annotations: org.springframework.data.relational.core.mapping.Table.
2026-05-08 18:09:16.265 INFO  [restartedMain] o.s.d.r.c.RepositoryConfigurationExtensionSupport - Spring Data JDBC - Could not safely identify store assignment for repository candidate interface ua.com.kisit.course2026np.repository.CrewRepository; If you want this repository to be a JDBC repository, consider annotating your entities with one of these annotations: org.springframework.data.relational.core.mapping.Table.
2026-05-08 18:09:16.266 INFO  [restartedMain] o.s.d.r.c.RepositoryConfigurationExtensionSupport - Spring Data JDBC - Could not safely identify store assignment for repository candidate interface ua.com.kisit.course2026np.repository.FlightRepository; If you want this repository to be a JDBC repository, consider annotating your entities with one of these annotations: org.springframework.data.relational.core.mapping.Table.
2026-05-08 18:09:16.268 INFO  [restartedMain] o.s.d.r.c.RepositoryConfigurationExtensionSupport - Spring Data JDBC - Could not safely identify store assignment for repository candidate interface ua.com.kisit.course2026np.repository.PassengerRepository; If you want this repository to be a JDBC repository, consider annotating your entities with one of these annotations: org.springframework.data.relational.core.mapping.Table.
2026-05-08 18:09:16.269 INFO  [restartedMain] o.s.d.r.c.RepositoryConfigurationExtensionSupport - Spring Data JDBC - Could not safely identify store assignment for repository candidate interface ua.com.kisit.course2026np.repository.TicketRepository; If you want this repository to be a JDBC repository, consider annotating your entities with one of these annotations: org.springframework.data.relational.core.mapping.Table.
2026-05-08 18:09:16.270 INFO  [restartedMain] o.s.d.r.c.RepositoryConfigurationExtensionSupport - Spring Data JDBC - Could not safely identify store assignment for repository candidate interface ua.com.kisit.course2026np.repository.UserRepository; If you want this repository to be a JDBC repository, consider annotating your entities with one of these annotations: org.springframework.data.relational.core.mapping.Table.
2026-05-08 18:09:16.271 INFO  [restartedMain] o.s.d.r.c.RepositoryConfigurationDelegate - Finished Spring Data repository scanning in 44 ms. Found 0 JDBC repository interfaces.
2026-05-08 18:09:16.285 INFO  [restartedMain] o.s.d.r.c.RepositoryConfigurationDelegate - Multiple Spring Data modules found, entering strict repository configuration mode
2026-05-08 18:09:16.286 INFO  [restartedMain] o.s.d.r.c.RepositoryConfigurationDelegate - Bootstrapping Spring Data JPA repositories in DEFAULT mode.
2026-05-08 18:09:16.333 INFO  [restartedMain] o.s.d.r.c.RepositoryConfigurationDelegate - Finished Spring Data repository scanning in 41 ms. Found 7 JPA repository interfaces.
2026-05-08 18:09:17.099 INFO  [restartedMain] o.s.boot.tomcat.TomcatWebServer - Tomcat initialized with port 8080 (http)
2026-05-08 18:09:17.113 INFO  [restartedMain] o.a.coyote.http11.Http11NioProtocol - Initializing ProtocolHandler ["http-nio-8080"]
2026-05-08 18:09:17.115 INFO  [restartedMain] o.a.catalina.core.StandardService - Starting service [Tomcat]
2026-05-08 18:09:17.116 INFO  [restartedMain] o.a.catalina.core.StandardEngine - Starting Servlet engine: [Apache Tomcat/11.0.15]
2026-05-08 18:09:17.171 INFO  [restartedMain] o.s.b.w.c.s.WebApplicationContextInitializer - Root WebApplicationContext: initialization completed in 1969 ms
2026-05-08 18:09:17.421 INFO  [restartedMain] org.hibernate.orm.jpa - HHH008540: Processing PersistenceUnitInfo [name: default]
2026-05-08 18:09:17.480 INFO  [restartedMain] org.hibernate.orm.core - HHH000001: Hibernate ORM core version 7.2.1.Final
2026-05-08 18:09:18.133 INFO  [restartedMain] o.s.o.j.p.SpringPersistenceUnitInfo - No LoadTimeWeaver setup: ignoring JPA class transformer
2026-05-08 18:09:18.178 INFO  [restartedMain] com.zaxxer.hikari.HikariDataSource - SkyAirlinesHikariPool - Starting...
2026-05-08 18:09:18.185 WARN  [restartedMain] org.hibernate.orm.jdbc - HHH100046: Could not obtain connection to query JDBC database metadata
java.lang.RuntimeException: Driver com.mysql.cj.jdbc.Driver claims to not accept jdbcUrl, ${DB_URL}
	at com.zaxxer.hikari.util.DriverDataSource.<init>(DriverDataSource.java:116)
	at com.zaxxer.hikari.pool.PoolBase.initializeDataSource(PoolBase.java:336)
	at com.zaxxer.hikari.pool.PoolBase.<init>(PoolBase.java:121)
	at com.zaxxer.hikari.pool.HikariPool.<init>(HikariPool.java:90)
	at com.zaxxer.hikari.HikariDataSource.getConnection(HikariDataSource.java:111)
	at org.hibernate.engine.jdbc.connections.internal.DataSourceConnectionProvider.getConnection(DataSourceConnectionProvider.java:137)
	at org.hibernate.engine.jdbc.env.internal.JdbcEnvironmentInitiator$ConnectionProviderJdbcConnectionAccess.obtainConnection(JdbcEnvironmentInitiator.java:508)
	at org.hibernate.resource.transaction.backend.jdbc.internal.JdbcIsolationDelegate.delegateWork(JdbcIsolationDelegate.java:48)
	at org.hibernate.engine.jdbc.env.internal.JdbcEnvironmentInitiator.getJdbcEnvironmentUsingJdbcMetadata(JdbcEnvironmentInitiator.java:366)
	at org.hibernate.engine.jdbc.env.internal.JdbcEnvironmentInitiator.getJdbcEnvironment(JdbcEnvironmentInitiator.java:143)
	at org.hibernate.engine.jdbc.env.internal.JdbcEnvironmentInitiator.initiateService(JdbcEnvironmentInitiator.java:120)
	at org.hibernate.engine.jdbc.env.internal.JdbcEnvironmentInitiator.initiateService(JdbcEnvironmentInitiator.java:80)
	at org.hibernate.boot.registry.internal.StandardServiceRegistryImpl.initiateService(StandardServiceRegistryImpl.java:133)
	at org.hibernate.service.internal.AbstractServiceRegistryImpl.createService(AbstractServiceRegistryImpl.java:260)
	at org.hibernate.service.internal.AbstractServiceRegistryImpl.initializeService(AbstractServiceRegistryImpl.java:235)
	at org.hibernate.service.internal.AbstractServiceRegistryImpl.getService(AbstractServiceRegistryImpl.java:212)
	at org.hibernate.boot.model.relational.Database.<init>(Database.java:44)
	at org.hibernate.boot.internal.InFlightMetadataCollectorImpl.getDatabase(InFlightMetadataCollectorImpl.java:251)
	at org.hibernate.boot.internal.InFlightMetadataCollectorImpl.<init>(InFlightMetadataCollectorImpl.java:203)
	at org.hibernate.boot.model.process.spi.MetadataBuildingProcess.complete(MetadataBuildingProcess.java:170)
	at org.hibernate.jpa.boot.internal.EntityManagerFactoryBuilderImpl.metadata(EntityManagerFactoryBuilderImpl.java:1392)
	at org.hibernate.jpa.boot.internal.EntityManagerFactoryBuilderImpl.populateSessionFactoryBuilder(EntityManagerFactoryBuilderImpl.java:1472)
	at org.hibernate.jpa.boot.internal.EntityManagerFactoryBuilderImpl.build(EntityManagerFactoryBuilderImpl.java:1454)
	at org.springframework.orm.jpa.vendor.SpringHibernateJpaPersistenceProvider.createContainerEntityManagerFactory(SpringHibernateJpaPersistenceProvider.java:66)
	at org.springframework.orm.jpa.LocalContainerEntityManagerFactoryBean.createNativeEntityManagerFactory(LocalContainerEntityManagerFactoryBean.java:433)
	at org.springframework.orm.jpa.AbstractEntityManagerFactoryBean.buildNativeEntityManagerFactory(AbstractEntityManagerFactoryBean.java:416)
	at org.springframework.orm.jpa.AbstractEntityManagerFactoryBean.afterPropertiesSet(AbstractEntityManagerFactoryBean.java:396)
	at org.springframework.orm.jpa.LocalContainerEntityManagerFactoryBean.afterPropertiesSet(LocalContainerEntityManagerFactoryBean.java:409)
	at org.springframework.beans.factory.support.AbstractAutowireCapableBeanFactory.invokeInitMethods(AbstractAutowireCapableBeanFactory.java:1864)
	at org.springframework.beans.factory.support.AbstractAutowireCapableBeanFactory.initializeBean(AbstractAutowireCapableBeanFactory.java:1813)
	at org.springframework.beans.factory.support.AbstractAutowireCapableBeanFactory.doCreateBean(AbstractAutowireCapableBeanFactory.java:603)
	at org.springframework.beans.factory.support.AbstractAutowireCapableBeanFactory.createBean(AbstractAutowireCapableBeanFactory.java:525)
	at org.springframework.beans.factory.support.AbstractBeanFactory.lambda$doGetBean$0(AbstractBeanFactory.java:333)
	at org.springframework.beans.factory.support.DefaultSingletonBeanRegistry.getSingleton(DefaultSingletonBeanRegistry.java:371)
	at org.springframework.beans.factory.support.AbstractBeanFactory.doGetBean(AbstractBeanFactory.java:331)
	at org.springframework.beans.factory.support.AbstractBeanFactory.getBean(AbstractBeanFactory.java:201)
	at org.springframework.context.support.AbstractApplicationContext.finishBeanFactoryInitialization(AbstractApplicationContext.java:976)
	at org.springframework.context.support.AbstractApplicationContext.refresh(AbstractApplicationContext.java:620)
	at org.springframework.boot.web.server.servlet.context.ServletWebServerApplicationContext.refresh(ServletWebServerApplicationContext.java:143)
	at org.springframework.boot.SpringApplication.refresh(SpringApplication.java:756)
	at org.springframework.boot.SpringApplication.refreshContext(SpringApplication.java:445)
	at org.springframework.boot.SpringApplication.run(SpringApplication.java:321)
	at org.springframework.boot.SpringApplication.run(SpringApplication.java:1365)
	at org.springframework.boot.SpringApplication.run(SpringApplication.java:1354)
	at ua.com.kisit.course2026np.Main.main(Main.java:10)
	at java.base/jdk.internal.reflect.DirectMethodHandleAccessor.invoke(DirectMethodHandleAccessor.java:104)
	at java.base/java.lang.reflect.Method.invoke(Method.java:565)
	at org.springframework.boot.devtools.restart.RestartLauncher.run(RestartLauncher.java:52)
2026-05-08 18:09:18.214 WARN  [restartedMain] org.hibernate.orm.deprecation - HHH90000025: MySQLDialect does not need to be specified explicitly using 'hibernate.dialect' (remove the property setting and it will be selected by default)
2026-05-08 18:09:18.229 INFO  [restartedMain] o.hibernate.orm.connections.pooling - HHH10001005: Database info:
	Database JDBC URL [undefined/unknown]
	Database driver: undefined/unknown
	Database dialect: MySQLDialect
	Database version: 8.0
	Default catalog/schema: unknown/unknown
	Autocommit mode: undefined/unknown
	Isolation level: NONE [default NONE]
	JDBC fetch size: undefined/unknown
	Pool: DataSourceConnectionProvider
	Minimum pool size: undefined/unknown
	Maximum pool size: undefined/unknown
2026-05-08 18:09:19.689 INFO  [restartedMain] org.hibernate.orm.core - HHH000489: No JTA platform available (set 'hibernate.transaction.jta.platform' to enable JTA platform integration)
2026-05-08 18:09:19.694 INFO  [restartedMain] org.hibernate.orm.jdbc.batch - HHH100501: Automatic JDBC statement batching enabled (maximum batch size 20)
2026-05-08 18:09:19.728 INFO  [restartedMain] com.zaxxer.hikari.HikariDataSource - SkyAirlinesHikariPool - Starting...
2026-05-08 18:09:19.731 ERROR [restartedMain] o.s.o.j.LocalContainerEntityManagerFactoryBean - Failed to initialize JPA EntityManagerFactory: Unable to build Hibernate SessionFactory  [persistence unit: default] ; nested exception is java.lang.RuntimeException: Driver com.mysql.cj.jdbc.Driver claims to not accept jdbcUrl, ${DB_URL}
2026-05-08 18:09:19.732 WARN  [restartedMain] o.s.b.w.s.s.c.AnnotationConfigServletWebServerApplicationContext - Exception encountered during context initialization - cancelling refresh attempt: org.springframework.beans.factory.BeanCreationException: Error creating bean with name 'entityManagerFactory' defined in class path resource [org/springframework/boot/hibernate/autoconfigure/HibernateJpaConfiguration.class]: Unable to build Hibernate SessionFactory  [persistence unit: default] ; nested exception is java.lang.RuntimeException: Driver com.mysql.cj.jdbc.Driver claims to not accept jdbcUrl, ${DB_URL}
2026-05-08 18:09:19.736 INFO  [restartedMain] o.a.catalina.core.StandardService - Stopping service [Tomcat]
2026-05-08 18:09:19.745 INFO  [restartedMain] o.s.b.a.l.ConditionEvaluationReportLogger - 

Error starting ApplicationContext. To display the condition evaluation report re-run your application with 'debug' enabled.
2026-05-08 18:09:19.763 ERROR [restartedMain] o.s.boot.SpringApplication - Application run failed
org.springframework.beans.factory.BeanCreationException: Error creating bean with name 'entityManagerFactory' defined in class path resource [org/springframework/boot/hibernate/autoconfigure/HibernateJpaConfiguration.class]: Unable to build Hibernate SessionFactory  [persistence unit: default] ; nested exception is java.lang.RuntimeException: Driver com.mysql.cj.jdbc.Driver claims to not accept jdbcUrl, ${DB_URL}
	at org.springframework.beans.factory.support.AbstractAutowireCapableBeanFactory.initializeBean(AbstractAutowireCapableBeanFactory.java:1817)
	at org.springframework.beans.factory.support.AbstractAutowireCapableBeanFactory.doCreateBean(AbstractAutowireCapableBeanFactory.java:603)
	at org.springframework.beans.factory.support.AbstractAutowireCapableBeanFactory.createBean(AbstractAutowireCapableBeanFactory.java:525)
	at org.springframework.beans.factory.support.AbstractBeanFactory.lambda$doGetBean$0(AbstractBeanFactory.java:333)
	at org.springframework.beans.factory.support.DefaultSingletonBeanRegistry.getSingleton(DefaultSingletonBeanRegistry.java:371)
	at org.springframework.beans.factory.support.AbstractBeanFactory.doGetBean(AbstractBeanFactory.java:331)
	at org.springframework.beans.factory.support.AbstractBeanFactory.getBean(AbstractBeanFactory.java:201)
	at org.springframework.context.support.AbstractApplicationContext.finishBeanFactoryInitialization(AbstractApplicationContext.java:976)
	at org.springframework.context.support.AbstractApplicationContext.refresh(AbstractApplicationContext.java:620)
	at org.springframework.boot.web.server.servlet.context.ServletWebServerApplicationContext.refresh(ServletWebServerApplicationContext.java:143)
	at org.springframework.boot.SpringApplication.refresh(SpringApplication.java:756)
	at org.springframework.boot.SpringApplication.refreshContext(SpringApplication.java:445)
	at org.springframework.boot.SpringApplication.run(SpringApplication.java:321)
	at org.springframework.boot.SpringApplication.run(SpringApplication.java:1365)
	at org.springframework.boot.SpringApplication.run(SpringApplication.java:1354)
	at ua.com.kisit.course2026np.Main.main(Main.java:10)
	at java.base/jdk.internal.reflect.DirectMethodHandleAccessor.invoke(DirectMethodHandleAccessor.java:104)
	at java.base/java.lang.reflect.Method.invoke(Method.java:565)
	at org.springframework.boot.devtools.restart.RestartLauncher.run(RestartLauncher.java:52)
Caused by: jakarta.persistence.PersistenceException: Unable to build Hibernate SessionFactory  [persistence unit: default] ; nested exception is java.lang.RuntimeException: Driver com.mysql.cj.jdbc.Driver claims to not accept jdbcUrl, ${DB_URL}
	at org.springframework.orm.jpa.AbstractEntityManagerFactoryBean.buildNativeEntityManagerFactory(AbstractEntityManagerFactoryBean.java:428)
	at org.springframework.orm.jpa.AbstractEntityManagerFactoryBean.afterPropertiesSet(AbstractEntityManagerFactoryBean.java:396)
	at org.springframework.orm.jpa.LocalContainerEntityManagerFactoryBean.afterPropertiesSet(LocalContainerEntityManagerFactoryBean.java:409)
	at org.springframework.beans.factory.support.AbstractAutowireCapableBeanFactory.invokeInitMethods(AbstractAutowireCapableBeanFactory.java:1864)
	at org.springframework.beans.factory.support.AbstractAutowireCapableBeanFactory.initializeBean(AbstractAutowireCapableBeanFactory.java:1813)
	... 18 common frames omitted
Caused by: java.lang.RuntimeException: Driver com.mysql.cj.jdbc.Driver claims to not accept jdbcUrl, ${DB_URL}
	at com.zaxxer.hikari.util.DriverDataSource.<init>(DriverDataSource.java:116)
	at com.zaxxer.hikari.pool.PoolBase.initializeDataSource(PoolBase.java:336)
	at com.zaxxer.hikari.pool.PoolBase.<init>(PoolBase.java:121)
	at com.zaxxer.hikari.pool.HikariPool.<init>(HikariPool.java:90)
	at com.zaxxer.hikari.HikariDataSource.getConnection(HikariDataSource.java:111)
	at org.hibernate.engine.jdbc.connections.internal.DataSourceConnectionProvider.getConnection(DataSourceConnectionProvider.java:137)
	at org.hibernate.engine.jdbc.env.internal.JdbcEnvironmentInitiator$ConnectionProviderJdbcConnectionAccess.obtainConnection(JdbcEnvironmentInitiator.java:508)
	at org.hibernate.resource.transaction.backend.jdbc.internal.DdlTransactionIsolatorNonJtaImpl.getIsolatedConnection(DdlTransactionIsolatorNonJtaImpl.java:44)
	at org.hibernate.resource.transaction.backend.jdbc.internal.DdlTransactionIsolatorNonJtaImpl.getIsolatedConnection(DdlTransactionIsolatorNonJtaImpl.java:37)
	at org.hibernate.tool.schema.internal.exec.ImprovedExtractionContextImpl.getJdbcConnection(ImprovedExtractionContextImpl.java:61)
	at org.hibernate.tool.schema.internal.exec.ImprovedExtractionContextImpl.getJdbcDatabaseMetaData(ImprovedExtractionContextImpl.java:68)
	at org.hibernate.tool.schema.extract.internal.InformationExtractorJdbcDatabaseMetaDataImpl.getJdbcDatabaseMetaData(InformationExtractorJdbcDatabaseMetaDataImpl.java:38)
	at org.hibernate.tool.schema.extract.internal.InformationExtractorJdbcDatabaseMetaDataImpl.processTableResultSet(InformationExtractorJdbcDatabaseMetaDataImpl.java:76)
	at org.hibernate.tool.schema.extract.internal.AbstractInformationExtractorImpl.getTables(AbstractInformationExtractorImpl.java:496)
	at org.hibernate.tool.schema.extract.internal.DatabaseInformationImpl.getTablesInformation(DatabaseInformationImpl.java:124)
	at org.hibernate.tool.schema.internal.GroupedSchemaMigratorImpl.performTablesMigration(GroupedSchemaMigratorImpl.java:72)
	at org.hibernate.tool.schema.internal.AbstractSchemaMigrator.performMigration(AbstractSchemaMigrator.java:220)
	at org.hibernate.tool.schema.internal.AbstractSchemaMigrator.doMigration(AbstractSchemaMigrator.java:96)
	at org.hibernate.tool.schema.spi.SchemaManagementToolCoordinator.performDatabaseAction(SchemaManagementToolCoordinator.java:269)
	at org.hibernate.tool.schema.spi.SchemaManagementToolCoordinator.lambda$process$1(SchemaManagementToolCoordinator.java:101)
	at java.base/java.util.HashMap.forEach(HashMap.java:1430)
	at org.hibernate.tool.schema.spi.SchemaManagementToolCoordinator.process(SchemaManagementToolCoordinator.java:100)
	at org.hibernate.boot.internal.SessionFactoryObserverForSchemaExport.sessionFactoryCreated(SessionFactoryObserverForSchemaExport.java:35)
	at org.hibernate.internal.SessionFactoryObserverChain.sessionFactoryCreated(SessionFactoryObserverChain.java:33)
	at org.hibernate.internal.SessionFactoryImpl.<init>(SessionFactoryImpl.java:323)
	at org.hibernate.internal.SessionFactoryRegistry.instantiateSessionFactory(SessionFactoryRegistry.java:64)
	at org.hibernate.boot.internal.SessionFactoryBuilderImpl.build(SessionFactoryBuilderImpl.java:437)
	at org.hibernate.jpa.boot.internal.EntityManagerFactoryBuilderImpl.build(EntityManagerFactoryBuilderImpl.java:1456)
	at org.springframework.orm.jpa.vendor.SpringHibernateJpaPersistenceProvider.createContainerEntityManagerFactory(SpringHibernateJpaPersistenceProvider.java:66)
	at org.springframework.orm.jpa.LocalContainerEntityManagerFactoryBean.createNativeEntityManagerFactory(LocalContainerEntityManagerFactoryBean.java:433)
	at org.springframework.orm.jpa.AbstractEntityManagerFactoryBean.buildNativeEntityManagerFactory(AbstractEntityManagerFactoryBean.java:416)
	... 22 common frames omitted
2026-05-08 18:09:51.710 INFO  [restartedMain] ua.com.kisit.course2026np.Main - Starting Main using Java 24.0.2 with PID 20000 (D:\ООП\practica\git\course-2026-np\target\classes started by User in D:\ООП\practica\git\course-2026-np)
2026-05-08 18:09:51.713 DEBUG [restartedMain] ua.com.kisit.course2026np.Main - Running with Spring Boot v4.0.2, Spring v7.0.3
2026-05-08 18:09:51.714 INFO  [restartedMain] ua.com.kisit.course2026np.Main - No active profile set, falling back to 1 default profile: "default"
2026-05-08 18:09:51.776 INFO  [restartedMain] o.s.b.d.e.DevToolsPropertyDefaultsPostProcessor - Devtools property defaults active! Set 'spring.devtools.add-properties' to 'false' to disable
2026-05-08 18:09:51.776 INFO  [restartedMain] o.s.b.d.e.DevToolsPropertyDefaultsPostProcessor - For additional web related logging consider setting the 'logging.level.web' property to 'DEBUG'
2026-05-08 18:09:51.941 INFO  [background-preinit] o.h.validator.internal.util.Version - HV000001: Hibernate Validator 9.0.1.Final
2026-05-08 18:09:52.677 INFO  [restartedMain] o.s.d.r.c.RepositoryConfigurationDelegate - Multiple Spring Data modules found, entering strict repository configuration mode
2026-05-08 18:09:52.679 INFO  [restartedMain] o.s.d.r.c.RepositoryConfigurationDelegate - Bootstrapping Spring Data JDBC repositories in DEFAULT mode.
2026-05-08 18:09:52.724 INFO  [restartedMain] o.s.d.r.c.RepositoryConfigurationExtensionSupport - Spring Data JDBC - Could not safely identify store assignment for repository candidate interface ua.com.kisit.course2026np.repository.AircraftRepository; If you want this repository to be a JDBC repository, consider annotating your entities with one of these annotations: org.springframework.data.relational.core.mapping.Table.
2026-05-08 18:09:52.726 INFO  [restartedMain] o.s.d.r.c.RepositoryConfigurationExtensionSupport - Spring Data JDBC - Could not safely identify store assignment for repository candidate interface ua.com.kisit.course2026np.repository.CrewMemberRepository; If you want this repository to be a JDBC repository, consider annotating your entities with one of these annotations: org.springframework.data.relational.core.mapping.Table.
2026-05-08 18:09:52.727 INFO  [restartedMain] o.s.d.r.c.RepositoryConfigurationExtensionSupport - Spring Data JDBC - Could not safely identify store assignment for repository candidate interface ua.com.kisit.course2026np.repository.CrewRepository; If you want this repository to be a JDBC repository, consider annotating your entities with one of these annotations: org.springframework.data.relational.core.mapping.Table.
2026-05-08 18:09:52.728 INFO  [restartedMain] o.s.d.r.c.RepositoryConfigurationExtensionSupport - Spring Data JDBC - Could not safely identify store assignment for repository candidate interface ua.com.kisit.course2026np.repository.FlightRepository; If you want this repository to be a JDBC repository, consider annotating your entities with one of these annotations: org.springframework.data.relational.core.mapping.Table.
2026-05-08 18:09:52.730 INFO  [restartedMain] o.s.d.r.c.RepositoryConfigurationExtensionSupport - Spring Data JDBC - Could not safely identify store assignment for repository candidate interface ua.com.kisit.course2026np.repository.PassengerRepository; If you want this repository to be a JDBC repository, consider annotating your entities with one of these annotations: org.springframework.data.relational.core.mapping.Table.
2026-05-08 18:09:52.732 INFO  [restartedMain] o.s.d.r.c.RepositoryConfigurationExtensionSupport - Spring Data JDBC - Could not safely identify store assignment for repository candidate interface ua.com.kisit.course2026np.repository.TicketRepository; If you want this repository to be a JDBC repository, consider annotating your entities with one of these annotations: org.springframework.data.relational.core.mapping.Table.
2026-05-08 18:09:52.733 INFO  [restartedMain] o.s.d.r.c.RepositoryConfigurationExtensionSupport - Spring Data JDBC - Could not safely identify store assignment for repository candidate interface ua.com.kisit.course2026np.repository.UserRepository; If you want this repository to be a JDBC repository, consider annotating your entities with one of these annotations: org.springframework.data.relational.core.mapping.Table.
2026-05-08 18:09:52.734 INFO  [restartedMain] o.s.d.r.c.RepositoryConfigurationDelegate - Finished Spring Data repository scanning in 43 ms. Found 0 JDBC repository interfaces.
2026-05-08 18:09:52.747 INFO  [restartedMain] o.s.d.r.c.RepositoryConfigurationDelegate - Multiple Spring Data modules found, entering strict repository configuration mode
2026-05-08 18:09:52.748 INFO  [restartedMain] o.s.d.r.c.RepositoryConfigurationDelegate - Bootstrapping Spring Data JPA repositories in DEFAULT mode.
2026-05-08 18:09:52.796 INFO  [restartedMain] o.s.d.r.c.RepositoryConfigurationDelegate - Finished Spring Data repository scanning in 42 ms. Found 7 JPA repository interfaces.
2026-05-08 18:09:53.533 INFO  [restartedMain] o.s.boot.tomcat.TomcatWebServer - Tomcat initialized with port 8080 (http)
2026-05-08 18:09:53.546 INFO  [restartedMain] o.a.coyote.http11.Http11NioProtocol - Initializing ProtocolHandler ["http-nio-8080"]
2026-05-08 18:09:53.548 INFO  [restartedMain] o.a.catalina.core.StandardService - Starting service [Tomcat]
2026-05-08 18:09:53.548 INFO  [restartedMain] o.a.catalina.core.StandardEngine - Starting Servlet engine: [Apache Tomcat/11.0.15]
2026-05-08 18:09:53.603 INFO  [restartedMain] o.s.b.w.c.s.WebApplicationContextInitializer - Root WebApplicationContext: initialization completed in 1826 ms
2026-05-08 18:09:53.854 INFO  [restartedMain] org.hibernate.orm.jpa - HHH008540: Processing PersistenceUnitInfo [name: default]
2026-05-08 18:09:53.966 INFO  [restartedMain] org.hibernate.orm.core - HHH000001: Hibernate ORM core version 7.2.1.Final
2026-05-08 18:09:54.727 INFO  [restartedMain] o.s.o.j.p.SpringPersistenceUnitInfo - No LoadTimeWeaver setup: ignoring JPA class transformer
2026-05-08 18:09:54.768 INFO  [restartedMain] com.zaxxer.hikari.HikariDataSource - SkyAirlinesHikariPool - Starting...
2026-05-08 18:09:55.357 INFO  [restartedMain] com.zaxxer.hikari.pool.HikariPool - SkyAirlinesHikariPool - Added connection com.mysql.cj.jdbc.ConnectionImpl@55c0e998
2026-05-08 18:09:55.360 INFO  [restartedMain] com.zaxxer.hikari.HikariDataSource - SkyAirlinesHikariPool - Start completed.
2026-05-08 18:09:55.426 WARN  [restartedMain] org.hibernate.orm.deprecation - HHH90000025: MySQLDialect does not need to be specified explicitly using 'hibernate.dialect' (remove the property setting and it will be selected by default)
2026-05-08 18:09:55.460 INFO  [restartedMain] o.hibernate.orm.connections.pooling - HHH10001005: Database info:
	Database JDBC URL [jdbc:mysql://localhost:3306/course-2026-np]
	Database driver: MySQL Connector/J
	Database dialect: MySQLDialect
	Database version: 8.0.45
	Default catalog/schema: course-2026-np/undefined
	Autocommit mode: undefined/unknown
	Isolation level: REPEATABLE_READ [default REPEATABLE_READ]
	JDBC fetch size: none
	Pool: DataSourceConnectionProvider
	Minimum pool size: undefined/unknown
	Maximum pool size: undefined/unknown
2026-05-08 18:09:57.025 INFO  [restartedMain] org.hibernate.orm.core - HHH000489: No JTA platform available (set 'hibernate.transaction.jta.platform' to enable JTA platform integration)
2026-05-08 18:09:57.032 INFO  [restartedMain] org.hibernate.orm.jdbc.batch - HHH100501: Automatic JDBC statement batching enabled (maximum batch size 20)
2026-05-08 18:09:57.301 INFO  [restartedMain] o.s.o.j.LocalContainerEntityManagerFactoryBean - Initialized JPA EntityManagerFactory for persistence unit 'default'
2026-05-08 18:09:57.473 INFO  [restartedMain] o.s.d.j.r.q.QueryEnhancerFactories - Hibernate is in classpath; If applicable, HQL parser will be used.
2026-05-08 18:09:59.603 INFO  [restartedMain] o.s.s.c.a.a.c.InitializeAuthenticationProviderBeanManagerConfigurer$InitializeAuthenticationProviderManagerConfigurer - Global AuthenticationManager configured with AuthenticationProvider bean with name authenticationProvider
2026-05-08 18:09:59.604 WARN  [restartedMain] o.s.s.c.a.a.c.InitializeUserDetailsBeanManagerConfigurer$InitializeUserDetailsManagerConfigurer - Global AuthenticationManager configured with an AuthenticationProvider bean. UserDetailsService beans will not be used by Spring Security for automatically configuring username/password login. Consider removing the AuthenticationProvider bean. Alternatively, consider using the UserDetailsService in a manually instantiated DaoAuthenticationProvider. If the current configuration is intentional, to turn off this warning, increase the logging level of 'org.springframework.security.config.annotation.authentication.configuration.InitializeUserDetailsBeanManagerConfigurer' to ERROR
2026-05-08 18:09:59.632 WARN  [restartedMain] o.s.b.j.a.JpaBaseConfiguration$JpaWebConfiguration - spring.jpa.open-in-view is enabled by default. Therefore, database queries may be performed during view rendering. Explicitly configure spring.jpa.open-in-view to disable this warning
2026-05-08 18:10:00.110 INFO  [restartedMain] o.s.b.w.a.WelcomePageHandlerMapping - Adding welcome page template: index
2026-05-08 18:10:00.835 INFO  [restartedMain] o.a.coyote.http11.Http11NioProtocol - Starting ProtocolHandler ["http-nio-8080"]
2026-05-08 18:10:00.855 INFO  [restartedMain] o.s.boot.tomcat.TomcatWebServer - Tomcat started on port 8080 (http) with context path '/'
2026-05-08 18:10:00.862 INFO  [restartedMain] ua.com.kisit.course2026np.Main - Started Main in 9.9 seconds (process running for 10.992)
2026-05-08 18:10:01.003 INFO  [restartedMain] u.c.k.c.s.PasswordMigrationRunner - Усі паролі вже у форматі BCrypt — міграція не потрібна.
2026-05-08 18:10:05.664 INFO  [SpringApplicationShutdownHook] o.s.boot.tomcat.GracefulShutdown - Commencing graceful shutdown. Waiting for active requests to complete
2026-05-08 18:10:05.670 INFO  [tomcat-shutdown] o.s.boot.tomcat.GracefulShutdown - Graceful shutdown complete
2026-05-08 18:10:05.678 INFO  [SpringApplicationShutdownHook] o.s.o.j.LocalContainerEntityManagerFactoryBean - Closing JPA EntityManagerFactory for persistence unit 'default'
2026-05-08 18:10:05.683 INFO  [SpringApplicationShutdownHook] com.zaxxer.hikari.HikariDataSource - SkyAirlinesHikariPool - Shutdown initiated...
2026-05-08 18:10:05.689 INFO  [SpringApplicationShutdownHook] com.zaxxer.hikari.HikariDataSource - SkyAirlinesHikariPool - Shutdown completed.
2026-05-08 18:13:53.744 INFO  [restartedMain] ua.com.kisit.course2026np.Main - Starting Main using Java 24.0.2 with PID 7760 (D:\ООП\practica\git\course-2026-np\target\classes started by User in D:\ООП\practica\git\course-2026-np)
2026-05-08 18:13:53.747 DEBUG [restartedMain] ua.com.kisit.course2026np.Main - Running with Spring Boot v4.0.2, Spring v7.0.3
2026-05-08 18:13:53.748 INFO  [restartedMain] ua.com.kisit.course2026np.Main - No active profile set, falling back to 1 default profile: "default"
2026-05-08 18:13:53.808 INFO  [restartedMain] o.s.b.d.e.DevToolsPropertyDefaultsPostProcessor - Devtools property defaults active! Set 'spring.devtools.add-properties' to 'false' to disable
2026-05-08 18:13:53.808 INFO  [restartedMain] o.s.b.d.e.DevToolsPropertyDefaultsPostProcessor - For additional web related logging consider setting the 'logging.level.web' property to 'DEBUG'
2026-05-08 18:13:53.971 INFO  [background-preinit] o.h.validator.internal.util.Version - HV000001: Hibernate Validator 9.0.1.Final
2026-05-08 18:13:54.740 INFO  [restartedMain] o.s.d.r.c.RepositoryConfigurationDelegate - Multiple Spring Data modules found, entering strict repository configuration mode
2026-05-08 18:13:54.741 INFO  [restartedMain] o.s.d.r.c.RepositoryConfigurationDelegate - Bootstrapping Spring Data JDBC repositories in DEFAULT mode.
2026-05-08 18:13:54.781 INFO  [restartedMain] o.s.d.r.c.RepositoryConfigurationExtensionSupport - Spring Data JDBC - Could not safely identify store assignment for repository candidate interface ua.com.kisit.course2026np.repository.AircraftRepository; If you want this repository to be a JDBC repository, consider annotating your entities with one of these annotations: org.springframework.data.relational.core.mapping.Table.
2026-05-08 18:13:54.783 INFO  [restartedMain] o.s.d.r.c.RepositoryConfigurationExtensionSupport - Spring Data JDBC - Could not safely identify store assignment for repository candidate interface ua.com.kisit.course2026np.repository.CrewMemberRepository; If you want this repository to be a JDBC repository, consider annotating your entities with one of these annotations: org.springframework.data.relational.core.mapping.Table.
2026-05-08 18:13:54.785 INFO  [restartedMain] o.s.d.r.c.RepositoryConfigurationExtensionSupport - Spring Data JDBC - Could not safely identify store assignment for repository candidate interface ua.com.kisit.course2026np.repository.CrewRepository; If you want this repository to be a JDBC repository, consider annotating your entities with one of these annotations: org.springframework.data.relational.core.mapping.Table.
2026-05-08 18:13:54.787 INFO  [restartedMain] o.s.d.r.c.RepositoryConfigurationExtensionSupport - Spring Data JDBC - Could not safely identify store assignment for repository candidate interface ua.com.kisit.course2026np.repository.FlightRepository; If you want this repository to be a JDBC repository, consider annotating your entities with one of these annotations: org.springframework.data.relational.core.mapping.Table.
2026-05-08 18:13:54.790 INFO  [restartedMain] o.s.d.r.c.RepositoryConfigurationExtensionSupport - Spring Data JDBC - Could not safely identify store assignment for repository candidate interface ua.com.kisit.course2026np.repository.PassengerRepository; If you want this repository to be a JDBC repository, consider annotating your entities with one of these annotations: org.springframework.data.relational.core.mapping.Table.
2026-05-08 18:13:54.793 INFO  [restartedMain] o.s.d.r.c.RepositoryConfigurationExtensionSupport - Spring Data JDBC - Could not safely identify store assignment for repository candidate interface ua.com.kisit.course2026np.repository.TicketRepository; If you want this repository to be a JDBC repository, consider annotating your entities with one of these annotations: org.springframework.data.relational.core.mapping.Table.
2026-05-08 18:13:54.794 INFO  [restartedMain] o.s.d.r.c.RepositoryConfigurationExtensionSupport - Spring Data JDBC - Could not safely identify store assignment for repository candidate interface ua.com.kisit.course2026np.repository.UserRepository; If you want this repository to be a JDBC repository, consider annotating your entities with one of these annotations: org.springframework.data.relational.core.mapping.Table.
2026-05-08 18:13:54.796 INFO  [restartedMain] o.s.d.r.c.RepositoryConfigurationDelegate - Finished Spring Data repository scanning in 47 ms. Found 0 JDBC repository interfaces.
2026-05-08 18:13:54.808 INFO  [restartedMain] o.s.d.r.c.RepositoryConfigurationDelegate - Multiple Spring Data modules found, entering strict repository configuration mode
2026-05-08 18:13:54.809 INFO  [restartedMain] o.s.d.r.c.RepositoryConfigurationDelegate - Bootstrapping Spring Data JPA repositories in DEFAULT mode.
2026-05-08 18:13:54.851 INFO  [restartedMain] o.s.d.r.c.RepositoryConfigurationDelegate - Finished Spring Data repository scanning in 36 ms. Found 7 JPA repository interfaces.
2026-05-08 18:13:55.665 INFO  [restartedMain] o.s.boot.tomcat.TomcatWebServer - Tomcat initialized with port 8080 (http)
2026-05-08 18:13:55.683 INFO  [restartedMain] o.a.coyote.http11.Http11NioProtocol - Initializing ProtocolHandler ["http-nio-8080"]
2026-05-08 18:13:55.685 INFO  [restartedMain] o.a.catalina.core.StandardService - Starting service [Tomcat]
2026-05-08 18:13:55.685 INFO  [restartedMain] o.a.catalina.core.StandardEngine - Starting Servlet engine: [Apache Tomcat/11.0.15]
2026-05-08 18:13:55.751 INFO  [restartedMain] o.s.b.w.c.s.WebApplicationContextInitializer - Root WebApplicationContext: initialization completed in 1942 ms
2026-05-08 18:13:55.987 INFO  [restartedMain] org.hibernate.orm.jpa - HHH008540: Processing PersistenceUnitInfo [name: default]
2026-05-08 18:13:56.058 INFO  [restartedMain] org.hibernate.orm.core - HHH000001: Hibernate ORM core version 7.2.1.Final
2026-05-08 18:13:56.680 INFO  [restartedMain] o.s.o.j.p.SpringPersistenceUnitInfo - No LoadTimeWeaver setup: ignoring JPA class transformer
2026-05-08 18:13:56.722 INFO  [restartedMain] com.zaxxer.hikari.HikariDataSource - SkyAirlinesHikariPool - Starting...
2026-05-08 18:13:56.730 WARN  [restartedMain] org.hibernate.orm.jdbc - HHH100046: Could not obtain connection to query JDBC database metadata
java.lang.RuntimeException: Driver com.mysql.cj.jdbc.Driver claims to not accept jdbcUrl, ${DB_URL}
	at com.zaxxer.hikari.util.DriverDataSource.<init>(DriverDataSource.java:116)
	at com.zaxxer.hikari.pool.PoolBase.initializeDataSource(PoolBase.java:336)
	at com.zaxxer.hikari.pool.PoolBase.<init>(PoolBase.java:121)
	at com.zaxxer.hikari.pool.HikariPool.<init>(HikariPool.java:90)
	at com.zaxxer.hikari.HikariDataSource.getConnection(HikariDataSource.java:111)
	at org.hibernate.engine.jdbc.connections.internal.DataSourceConnectionProvider.getConnection(DataSourceConnectionProvider.java:137)
	at org.hibernate.engine.jdbc.env.internal.JdbcEnvironmentInitiator$ConnectionProviderJdbcConnectionAccess.obtainConnection(JdbcEnvironmentInitiator.java:508)
	at org.hibernate.resource.transaction.backend.jdbc.internal.JdbcIsolationDelegate.delegateWork(JdbcIsolationDelegate.java:48)
	at org.hibernate.engine.jdbc.env.internal.JdbcEnvironmentInitiator.getJdbcEnvironmentUsingJdbcMetadata(JdbcEnvironmentInitiator.java:366)
	at org.hibernate.engine.jdbc.env.internal.JdbcEnvironmentInitiator.getJdbcEnvironment(JdbcEnvironmentInitiator.java:143)
	at org.hibernate.engine.jdbc.env.internal.JdbcEnvironmentInitiator.initiateService(JdbcEnvironmentInitiator.java:120)
	at org.hibernate.engine.jdbc.env.internal.JdbcEnvironmentInitiator.initiateService(JdbcEnvironmentInitiator.java:80)
	at org.hibernate.boot.registry.internal.StandardServiceRegistryImpl.initiateService(StandardServiceRegistryImpl.java:133)
	at org.hibernate.service.internal.AbstractServiceRegistryImpl.createService(AbstractServiceRegistryImpl.java:260)
	at org.hibernate.service.internal.AbstractServiceRegistryImpl.initializeService(AbstractServiceRegistryImpl.java:235)
	at org.hibernate.service.internal.AbstractServiceRegistryImpl.getService(AbstractServiceRegistryImpl.java:212)
	at org.hibernate.boot.model.relational.Database.<init>(Database.java:44)
	at org.hibernate.boot.internal.InFlightMetadataCollectorImpl.getDatabase(InFlightMetadataCollectorImpl.java:251)
	at org.hibernate.boot.internal.InFlightMetadataCollectorImpl.<init>(InFlightMetadataCollectorImpl.java:203)
	at org.hibernate.boot.model.process.spi.MetadataBuildingProcess.complete(MetadataBuildingProcess.java:170)
	at org.hibernate.jpa.boot.internal.EntityManagerFactoryBuilderImpl.metadata(EntityManagerFactoryBuilderImpl.java:1392)
	at org.hibernate.jpa.boot.internal.EntityManagerFactoryBuilderImpl.populateSessionFactoryBuilder(EntityManagerFactoryBuilderImpl.java:1472)
	at org.hibernate.jpa.boot.internal.EntityManagerFactoryBuilderImpl.build(EntityManagerFactoryBuilderImpl.java:1454)
	at org.springframework.orm.jpa.vendor.SpringHibernateJpaPersistenceProvider.createContainerEntityManagerFactory(SpringHibernateJpaPersistenceProvider.java:66)
	at org.springframework.orm.jpa.LocalContainerEntityManagerFactoryBean.createNativeEntityManagerFactory(LocalContainerEntityManagerFactoryBean.java:433)
	at org.springframework.orm.jpa.AbstractEntityManagerFactoryBean.buildNativeEntityManagerFactory(AbstractEntityManagerFactoryBean.java:416)
	at org.springframework.orm.jpa.AbstractEntityManagerFactoryBean.afterPropertiesSet(AbstractEntityManagerFactoryBean.java:396)
	at org.springframework.orm.jpa.LocalContainerEntityManagerFactoryBean.afterPropertiesSet(LocalContainerEntityManagerFactoryBean.java:409)
	at org.springframework.beans.factory.support.AbstractAutowireCapableBeanFactory.invokeInitMethods(AbstractAutowireCapableBeanFactory.java:1864)
	at org.springframework.beans.factory.support.AbstractAutowireCapableBeanFactory.initializeBean(AbstractAutowireCapableBeanFactory.java:1813)
	at org.springframework.beans.factory.support.AbstractAutowireCapableBeanFactory.doCreateBean(AbstractAutowireCapableBeanFactory.java:603)
	at org.springframework.beans.factory.support.AbstractAutowireCapableBeanFactory.createBean(AbstractAutowireCapableBeanFactory.java:525)
	at org.springframework.beans.factory.support.AbstractBeanFactory.lambda$doGetBean$0(AbstractBeanFactory.java:333)
	at org.springframework.beans.factory.support.DefaultSingletonBeanRegistry.getSingleton(DefaultSingletonBeanRegistry.java:371)
	at org.springframework.beans.factory.support.AbstractBeanFactory.doGetBean(AbstractBeanFactory.java:331)
	at org.springframework.beans.factory.support.AbstractBeanFactory.getBean(AbstractBeanFactory.java:201)
	at org.springframework.context.support.AbstractApplicationContext.finishBeanFactoryInitialization(AbstractApplicationContext.java:976)
	at org.springframework.context.support.AbstractApplicationContext.refresh(AbstractApplicationContext.java:620)
	at org.springframework.boot.web.server.servlet.context.ServletWebServerApplicationContext.refresh(ServletWebServerApplicationContext.java:143)
	at org.springframework.boot.SpringApplication.refresh(SpringApplication.java:756)
	at org.springframework.boot.SpringApplication.refreshContext(SpringApplication.java:445)
	at org.springframework.boot.SpringApplication.run(SpringApplication.java:321)
	at org.springframework.boot.SpringApplication.run(SpringApplication.java:1365)
	at org.springframework.boot.SpringApplication.run(SpringApplication.java:1354)
	at ua.com.kisit.course2026np.Main.main(Main.java:13)
	at java.base/jdk.internal.reflect.DirectMethodHandleAccessor.invoke(DirectMethodHandleAccessor.java:104)
	at java.base/java.lang.reflect.Method.invoke(Method.java:565)
	at org.springframework.boot.devtools.restart.RestartLauncher.run(RestartLauncher.java:52)
2026-05-08 18:13:56.752 WARN  [restartedMain] org.hibernate.orm.deprecation - HHH90000025: MySQLDialect does not need to be specified explicitly using 'hibernate.dialect' (remove the property setting and it will be selected by default)
2026-05-08 18:13:56.769 INFO  [restartedMain] o.hibernate.orm.connections.pooling - HHH10001005: Database info:
	Database JDBC URL [undefined/unknown]
	Database driver: undefined/unknown
	Database dialect: MySQLDialect
	Database version: 8.0
	Default catalog/schema: unknown/unknown
	Autocommit mode: undefined/unknown
	Isolation level: NONE [default NONE]
	JDBC fetch size: undefined/unknown
	Pool: DataSourceConnectionProvider
	Minimum pool size: undefined/unknown
	Maximum pool size: undefined/unknown
2026-05-08 18:13:58.489 INFO  [restartedMain] org.hibernate.orm.core - HHH000489: No JTA platform available (set 'hibernate.transaction.jta.platform' to enable JTA platform integration)
2026-05-08 18:13:58.498 INFO  [restartedMain] org.hibernate.orm.jdbc.batch - HHH100501: Automatic JDBC statement batching enabled (maximum batch size 20)
2026-05-08 18:13:58.543 INFO  [restartedMain] com.zaxxer.hikari.HikariDataSource - SkyAirlinesHikariPool - Starting...
2026-05-08 18:13:58.546 ERROR [restartedMain] o.s.o.j.LocalContainerEntityManagerFactoryBean - Failed to initialize JPA EntityManagerFactory: Unable to build Hibernate SessionFactory  [persistence unit: default] ; nested exception is java.lang.RuntimeException: Driver com.mysql.cj.jdbc.Driver claims to not accept jdbcUrl, ${DB_URL}
2026-05-08 18:13:58.547 WARN  [restartedMain] o.s.b.w.s.s.c.AnnotationConfigServletWebServerApplicationContext - Exception encountered during context initialization - cancelling refresh attempt: org.springframework.beans.factory.BeanCreationException: Error creating bean with name 'entityManagerFactory' defined in class path resource [org/springframework/boot/hibernate/autoconfigure/HibernateJpaConfiguration.class]: Unable to build Hibernate SessionFactory  [persistence unit: default] ; nested exception is java.lang.RuntimeException: Driver com.mysql.cj.jdbc.Driver claims to not accept jdbcUrl, ${DB_URL}
2026-05-08 18:13:58.551 INFO  [restartedMain] o.a.catalina.core.StandardService - Stopping service [Tomcat]
2026-05-08 18:13:58.561 INFO  [restartedMain] o.s.b.a.l.ConditionEvaluationReportLogger - 

Error starting ApplicationContext. To display the condition evaluation report re-run your application with 'debug' enabled.
2026-05-08 18:13:58.578 ERROR [restartedMain] o.s.boot.SpringApplication - Application run failed
org.springframework.beans.factory.BeanCreationException: Error creating bean with name 'entityManagerFactory' defined in class path resource [org/springframework/boot/hibernate/autoconfigure/HibernateJpaConfiguration.class]: Unable to build Hibernate SessionFactory  [persistence unit: default] ; nested exception is java.lang.RuntimeException: Driver com.mysql.cj.jdbc.Driver claims to not accept jdbcUrl, ${DB_URL}
	at org.springframework.beans.factory.support.AbstractAutowireCapableBeanFactory.initializeBean(AbstractAutowireCapableBeanFactory.java:1817)
	at org.springframework.beans.factory.support.AbstractAutowireCapableBeanFactory.doCreateBean(AbstractAutowireCapableBeanFactory.java:603)
	at org.springframework.beans.factory.support.AbstractAutowireCapableBeanFactory.createBean(AbstractAutowireCapableBeanFactory.java:525)
	at org.springframework.beans.factory.support.AbstractBeanFactory.lambda$doGetBean$0(AbstractBeanFactory.java:333)
	at org.springframework.beans.factory.support.DefaultSingletonBeanRegistry.getSingleton(DefaultSingletonBeanRegistry.java:371)
	at org.springframework.beans.factory.support.AbstractBeanFactory.doGetBean(AbstractBeanFactory.java:331)
	at org.springframework.beans.factory.support.AbstractBeanFactory.getBean(AbstractBeanFactory.java:201)
	at org.springframework.context.support.AbstractApplicationContext.finishBeanFactoryInitialization(AbstractApplicationContext.java:976)
	at org.springframework.context.support.AbstractApplicationContext.refresh(AbstractApplicationContext.java:620)
	at org.springframework.boot.web.server.servlet.context.ServletWebServerApplicationContext.refresh(ServletWebServerApplicationContext.java:143)
	at org.springframework.boot.SpringApplication.refresh(SpringApplication.java:756)
	at org.springframework.boot.SpringApplication.refreshContext(SpringApplication.java:445)
	at org.springframework.boot.SpringApplication.run(SpringApplication.java:321)
	at org.springframework.boot.SpringApplication.run(SpringApplication.java:1365)
	at org.springframework.boot.SpringApplication.run(SpringApplication.java:1354)
	at ua.com.kisit.course2026np.Main.main(Main.java:13)
	at java.base/jdk.internal.reflect.DirectMethodHandleAccessor.invoke(DirectMethodHandleAccessor.java:104)
	at java.base/java.lang.reflect.Method.invoke(Method.java:565)
	at org.springframework.boot.devtools.restart.RestartLauncher.run(RestartLauncher.java:52)
Caused by: jakarta.persistence.PersistenceException: Unable to build Hibernate SessionFactory  [persistence unit: default] ; nested exception is java.lang.RuntimeException: Driver com.mysql.cj.jdbc.Driver claims to not accept jdbcUrl, ${DB_URL}
	at org.springframework.orm.jpa.AbstractEntityManagerFactoryBean.buildNativeEntityManagerFactory(AbstractEntityManagerFactoryBean.java:428)
	at org.springframework.orm.jpa.AbstractEntityManagerFactoryBean.afterPropertiesSet(AbstractEntityManagerFactoryBean.java:396)
	at org.springframework.orm.jpa.LocalContainerEntityManagerFactoryBean.afterPropertiesSet(LocalContainerEntityManagerFactoryBean.java:409)
	at org.springframework.beans.factory.support.AbstractAutowireCapableBeanFactory.invokeInitMethods(AbstractAutowireCapableBeanFactory.java:1864)
	at org.springframework.beans.factory.support.AbstractAutowireCapableBeanFactory.initializeBean(AbstractAutowireCapableBeanFactory.java:1813)
	... 18 common frames omitted
Caused by: java.lang.RuntimeException: Driver com.mysql.cj.jdbc.Driver claims to not accept jdbcUrl, ${DB_URL}
	at com.zaxxer.hikari.util.DriverDataSource.<init>(DriverDataSource.java:116)
	at com.zaxxer.hikari.pool.PoolBase.initializeDataSource(PoolBase.java:336)
	at com.zaxxer.hikari.pool.PoolBase.<init>(PoolBase.java:121)
	at com.zaxxer.hikari.pool.HikariPool.<init>(HikariPool.java:90)
	at com.zaxxer.hikari.HikariDataSource.getConnection(HikariDataSource.java:111)
	at org.hibernate.engine.jdbc.connections.internal.DataSourceConnectionProvider.getConnection(DataSourceConnectionProvider.java:137)
	at org.hibernate.engine.jdbc.env.internal.JdbcEnvironmentInitiator$ConnectionProviderJdbcConnectionAccess.obtainConnection(JdbcEnvironmentInitiator.java:508)
	at org.hibernate.resource.transaction.backend.jdbc.internal.DdlTransactionIsolatorNonJtaImpl.getIsolatedConnection(DdlTransactionIsolatorNonJtaImpl.java:44)
	at org.hibernate.resource.transaction.backend.jdbc.internal.DdlTransactionIsolatorNonJtaImpl.getIsolatedConnection(DdlTransactionIsolatorNonJtaImpl.java:37)
	at org.hibernate.tool.schema.internal.exec.ImprovedExtractionContextImpl.getJdbcConnection(ImprovedExtractionContextImpl.java:61)
	at org.hibernate.tool.schema.internal.exec.ImprovedExtractionContextImpl.getJdbcDatabaseMetaData(ImprovedExtractionContextImpl.java:68)
	at org.hibernate.tool.schema.extract.internal.InformationExtractorJdbcDatabaseMetaDataImpl.getJdbcDatabaseMetaData(InformationExtractorJdbcDatabaseMetaDataImpl.java:38)
	at org.hibernate.tool.schema.extract.internal.InformationExtractorJdbcDatabaseMetaDataImpl.processTableResultSet(InformationExtractorJdbcDatabaseMetaDataImpl.java:76)
	at org.hibernate.tool.schema.extract.internal.AbstractInformationExtractorImpl.getTables(AbstractInformationExtractorImpl.java:496)
	at org.hibernate.tool.schema.extract.internal.DatabaseInformationImpl.getTablesInformation(DatabaseInformationImpl.java:124)
	at org.hibernate.tool.schema.internal.GroupedSchemaMigratorImpl.performTablesMigration(GroupedSchemaMigratorImpl.java:72)
	at org.hibernate.tool.schema.internal.AbstractSchemaMigrator.performMigration(AbstractSchemaMigrator.java:220)
	at org.hibernate.tool.schema.internal.AbstractSchemaMigrator.doMigration(AbstractSchemaMigrator.java:96)
	at org.hibernate.tool.schema.spi.SchemaManagementToolCoordinator.performDatabaseAction(SchemaManagementToolCoordinator.java:269)
	at org.hibernate.tool.schema.spi.SchemaManagementToolCoordinator.lambda$process$1(SchemaManagementToolCoordinator.java:101)
	at java.base/java.util.HashMap.forEach(HashMap.java:1430)
	at org.hibernate.tool.schema.spi.SchemaManagementToolCoordinator.process(SchemaManagementToolCoordinator.java:100)
	at org.hibernate.boot.internal.SessionFactoryObserverForSchemaExport.sessionFactoryCreated(SessionFactoryObserverForSchemaExport.java:35)
	at org.hibernate.internal.SessionFactoryObserverChain.sessionFactoryCreated(SessionFactoryObserverChain.java:33)
	at org.hibernate.internal.SessionFactoryImpl.<init>(SessionFactoryImpl.java:323)
	at org.hibernate.internal.SessionFactoryRegistry.instantiateSessionFactory(SessionFactoryRegistry.java:64)
	at org.hibernate.boot.internal.SessionFactoryBuilderImpl.build(SessionFactoryBuilderImpl.java:437)
	at org.hibernate.jpa.boot.internal.EntityManagerFactoryBuilderImpl.build(EntityManagerFactoryBuilderImpl.java:1456)
	at org.springframework.orm.jpa.vendor.SpringHibernateJpaPersistenceProvider.createContainerEntityManagerFactory(SpringHibernateJpaPersistenceProvider.java:66)
	at org.springframework.orm.jpa.LocalContainerEntityManagerFactoryBean.createNativeEntityManagerFactory(LocalContainerEntityManagerFactoryBean.java:433)
	at org.springframework.orm.jpa.AbstractEntityManagerFactoryBean.buildNativeEntityManagerFactory(AbstractEntityManagerFactoryBean.java:416)
	... 22 common frames omitted
2026-05-08 18:41:50.952 INFO  [restartedMain] ua.com.kisit.course2026np.Main - Starting Main using Java 24.0.2 with PID 5888 (D:\ООП\practica\git\course-2026-np\target\classes started by User in D:\ООП\practica\git\course-2026-np)
2026-05-08 18:41:50.956 DEBUG [restartedMain] ua.com.kisit.course2026np.Main - Running with Spring Boot v4.0.2, Spring v7.0.3
2026-05-08 18:41:50.958 INFO  [restartedMain] ua.com.kisit.course2026np.Main - No active profile set, falling back to 1 default profile: "default"
2026-05-08 18:41:51.054 INFO  [restartedMain] o.s.b.d.e.DevToolsPropertyDefaultsPostProcessor - Devtools property defaults active! Set 'spring.devtools.add-properties' to 'false' to disable
2026-05-08 18:41:51.055 INFO  [restartedMain] o.s.b.d.e.DevToolsPropertyDefaultsPostProcessor - For additional web related logging consider setting the 'logging.level.web' property to 'DEBUG'
2026-05-08 18:41:51.337 INFO  [background-preinit] o.h.validator.internal.util.Version - HV000001: Hibernate Validator 9.0.1.Final
2026-05-08 18:41:52.913 INFO  [restartedMain] o.s.d.r.c.RepositoryConfigurationDelegate - Multiple Spring Data modules found, entering strict repository configuration mode
2026-05-08 18:41:52.915 INFO  [restartedMain] o.s.d.r.c.RepositoryConfigurationDelegate - Bootstrapping Spring Data JDBC repositories in DEFAULT mode.
2026-05-08 18:41:52.961 INFO  [restartedMain] o.s.d.r.c.RepositoryConfigurationExtensionSupport - Spring Data JDBC - Could not safely identify store assignment for repository candidate interface ua.com.kisit.course2026np.repository.AircraftRepository; If you want this repository to be a JDBC repository, consider annotating your entities with one of these annotations: org.springframework.data.relational.core.mapping.Table.
2026-05-08 18:41:52.963 INFO  [restartedMain] o.s.d.r.c.RepositoryConfigurationExtensionSupport - Spring Data JDBC - Could not safely identify store assignment for repository candidate interface ua.com.kisit.course2026np.repository.CrewMemberRepository; If you want this repository to be a JDBC repository, consider annotating your entities with one of these annotations: org.springframework.data.relational.core.mapping.Table.
2026-05-08 18:41:52.965 INFO  [restartedMain] o.s.d.r.c.RepositoryConfigurationExtensionSupport - Spring Data JDBC - Could not safely identify store assignment for repository candidate interface ua.com.kisit.course2026np.repository.CrewRepository; If you want this repository to be a JDBC repository, consider annotating your entities with one of these annotations: org.springframework.data.relational.core.mapping.Table.
2026-05-08 18:41:52.967 INFO  [restartedMain] o.s.d.r.c.RepositoryConfigurationExtensionSupport - Spring Data JDBC - Could not safely identify store assignment for repository candidate interface ua.com.kisit.course2026np.repository.FlightRepository; If you want this repository to be a JDBC repository, consider annotating your entities with one of these annotations: org.springframework.data.relational.core.mapping.Table.
2026-05-08 18:41:52.969 INFO  [restartedMain] o.s.d.r.c.RepositoryConfigurationExtensionSupport - Spring Data JDBC - Could not safely identify store assignment for repository candidate interface ua.com.kisit.course2026np.repository.PassengerRepository; If you want this repository to be a JDBC repository, consider annotating your entities with one of these annotations: org.springframework.data.relational.core.mapping.Table.
2026-05-08 18:41:52.970 INFO  [restartedMain] o.s.d.r.c.RepositoryConfigurationExtensionSupport - Spring Data JDBC - Could not safely identify store assignment for repository candidate interface ua.com.kisit.course2026np.repository.TicketRepository; If you want this repository to be a JDBC repository, consider annotating your entities with one of these annotations: org.springframework.data.relational.core.mapping.Table.
2026-05-08 18:41:52.972 INFO  [restartedMain] o.s.d.r.c.RepositoryConfigurationExtensionSupport - Spring Data JDBC - Could not safely identify store assignment for repository candidate interface ua.com.kisit.course2026np.repository.UserRepository; If you want this repository to be a JDBC repository, consider annotating your entities with one of these annotations: org.springframework.data.relational.core.mapping.Table.
2026-05-08 18:41:52.973 INFO  [restartedMain] o.s.d.r.c.RepositoryConfigurationDelegate - Finished Spring Data repository scanning in 50 ms. Found 0 JDBC repository interfaces.
2026-05-08 18:41:52.989 INFO  [restartedMain] o.s.d.r.c.RepositoryConfigurationDelegate - Multiple Spring Data modules found, entering strict repository configuration mode
2026-05-08 18:41:52.991 INFO  [restartedMain] o.s.d.r.c.RepositoryConfigurationDelegate - Bootstrapping Spring Data JPA repositories in DEFAULT mode.
2026-05-08 18:41:53.050 INFO  [restartedMain] o.s.d.r.c.RepositoryConfigurationDelegate - Finished Spring Data repository scanning in 51 ms. Found 7 JPA repository interfaces.
2026-05-08 18:41:54.048 INFO  [restartedMain] o.s.boot.tomcat.TomcatWebServer - Tomcat initialized with port 8080 (http)
2026-05-08 18:41:54.062 INFO  [restartedMain] o.a.coyote.http11.Http11NioProtocol - Initializing ProtocolHandler ["http-nio-8080"]
2026-05-08 18:41:54.064 INFO  [restartedMain] o.a.catalina.core.StandardService - Starting service [Tomcat]
2026-05-08 18:41:54.064 INFO  [restartedMain] o.a.catalina.core.StandardEngine - Starting Servlet engine: [Apache Tomcat/11.0.15]
2026-05-08 18:41:54.130 INFO  [restartedMain] o.s.b.w.c.s.WebApplicationContextInitializer - Root WebApplicationContext: initialization completed in 3075 ms
2026-05-08 18:41:54.534 INFO  [restartedMain] org.hibernate.orm.jpa - HHH008540: Processing PersistenceUnitInfo [name: default]
2026-05-08 18:41:54.602 INFO  [restartedMain] org.hibernate.orm.core - HHH000001: Hibernate ORM core version 7.2.1.Final
2026-05-08 18:41:55.272 INFO  [restartedMain] o.s.o.j.p.SpringPersistenceUnitInfo - No LoadTimeWeaver setup: ignoring JPA class transformer
2026-05-08 18:41:55.316 INFO  [restartedMain] com.zaxxer.hikari.HikariDataSource - SkyAirlinesHikariPool - Starting...
2026-05-08 18:41:55.323 WARN  [restartedMain] org.hibernate.orm.jdbc - HHH100046: Could not obtain connection to query JDBC database metadata
java.lang.RuntimeException: Driver com.mysql.cj.jdbc.Driver claims to not accept jdbcUrl, ${DB_URL}
	at com.zaxxer.hikari.util.DriverDataSource.<init>(DriverDataSource.java:116)
	at com.zaxxer.hikari.pool.PoolBase.initializeDataSource(PoolBase.java:336)
	at com.zaxxer.hikari.pool.PoolBase.<init>(PoolBase.java:121)
	at com.zaxxer.hikari.pool.HikariPool.<init>(HikariPool.java:90)
	at com.zaxxer.hikari.HikariDataSource.getConnection(HikariDataSource.java:111)
	at org.hibernate.engine.jdbc.connections.internal.DataSourceConnectionProvider.getConnection(DataSourceConnectionProvider.java:137)
	at org.hibernate.engine.jdbc.env.internal.JdbcEnvironmentInitiator$ConnectionProviderJdbcConnectionAccess.obtainConnection(JdbcEnvironmentInitiator.java:508)
	at org.hibernate.resource.transaction.backend.jdbc.internal.JdbcIsolationDelegate.delegateWork(JdbcIsolationDelegate.java:48)
	at org.hibernate.engine.jdbc.env.internal.JdbcEnvironmentInitiator.getJdbcEnvironmentUsingJdbcMetadata(JdbcEnvironmentInitiator.java:366)
	at org.hibernate.engine.jdbc.env.internal.JdbcEnvironmentInitiator.getJdbcEnvironment(JdbcEnvironmentInitiator.java:143)
	at org.hibernate.engine.jdbc.env.internal.JdbcEnvironmentInitiator.initiateService(JdbcEnvironmentInitiator.java:120)
	at org.hibernate.engine.jdbc.env.internal.JdbcEnvironmentInitiator.initiateService(JdbcEnvironmentInitiator.java:80)
	at org.hibernate.boot.registry.internal.StandardServiceRegistryImpl.initiateService(StandardServiceRegistryImpl.java:133)
	at org.hibernate.service.internal.AbstractServiceRegistryImpl.createService(AbstractServiceRegistryImpl.java:260)
	at org.hibernate.service.internal.AbstractServiceRegistryImpl.initializeService(AbstractServiceRegistryImpl.java:235)
	at org.hibernate.service.internal.AbstractServiceRegistryImpl.getService(AbstractServiceRegistryImpl.java:212)
	at org.hibernate.boot.model.relational.Database.<init>(Database.java:44)
	at org.hibernate.boot.internal.InFlightMetadataCollectorImpl.getDatabase(InFlightMetadataCollectorImpl.java:251)
	at org.hibernate.boot.internal.InFlightMetadataCollectorImpl.<init>(InFlightMetadataCollectorImpl.java:203)
	at org.hibernate.boot.model.process.spi.MetadataBuildingProcess.complete(MetadataBuildingProcess.java:170)
	at org.hibernate.jpa.boot.internal.EntityManagerFactoryBuilderImpl.metadata(EntityManagerFactoryBuilderImpl.java:1392)
	at org.hibernate.jpa.boot.internal.EntityManagerFactoryBuilderImpl.populateSessionFactoryBuilder(EntityManagerFactoryBuilderImpl.java:1472)
	at org.hibernate.jpa.boot.internal.EntityManagerFactoryBuilderImpl.build(EntityManagerFactoryBuilderImpl.java:1454)
	at org.springframework.orm.jpa.vendor.SpringHibernateJpaPersistenceProvider.createContainerEntityManagerFactory(SpringHibernateJpaPersistenceProvider.java:66)
	at org.springframework.orm.jpa.LocalContainerEntityManagerFactoryBean.createNativeEntityManagerFactory(LocalContainerEntityManagerFactoryBean.java:433)
	at org.springframework.orm.jpa.AbstractEntityManagerFactoryBean.buildNativeEntityManagerFactory(AbstractEntityManagerFactoryBean.java:416)
	at org.springframework.orm.jpa.AbstractEntityManagerFactoryBean.afterPropertiesSet(AbstractEntityManagerFactoryBean.java:396)
	at org.springframework.orm.jpa.LocalContainerEntityManagerFactoryBean.afterPropertiesSet(LocalContainerEntityManagerFactoryBean.java:409)
	at org.springframework.beans.factory.support.AbstractAutowireCapableBeanFactory.invokeInitMethods(AbstractAutowireCapableBeanFactory.java:1864)
	at org.springframework.beans.factory.support.AbstractAutowireCapableBeanFactory.initializeBean(AbstractAutowireCapableBeanFactory.java:1813)
	at org.springframework.beans.factory.support.AbstractAutowireCapableBeanFactory.doCreateBean(AbstractAutowireCapableBeanFactory.java:603)
	at org.springframework.beans.factory.support.AbstractAutowireCapableBeanFactory.createBean(AbstractAutowireCapableBeanFactory.java:525)
	at org.springframework.beans.factory.support.AbstractBeanFactory.lambda$doGetBean$0(AbstractBeanFactory.java:333)
	at org.springframework.beans.factory.support.DefaultSingletonBeanRegistry.getSingleton(DefaultSingletonBeanRegistry.java:371)
	at org.springframework.beans.factory.support.AbstractBeanFactory.doGetBean(AbstractBeanFactory.java:331)
	at org.springframework.beans.factory.support.AbstractBeanFactory.getBean(AbstractBeanFactory.java:201)
	at org.springframework.context.support.AbstractApplicationContext.finishBeanFactoryInitialization(AbstractApplicationContext.java:976)
	at org.springframework.context.support.AbstractApplicationContext.refresh(AbstractApplicationContext.java:620)
	at org.springframework.boot.web.server.servlet.context.ServletWebServerApplicationContext.refresh(ServletWebServerApplicationContext.java:143)
	at org.springframework.boot.SpringApplication.refresh(SpringApplication.java:756)
	at org.springframework.boot.SpringApplication.refreshContext(SpringApplication.java:445)
	at org.springframework.boot.SpringApplication.run(SpringApplication.java:321)
	at org.springframework.boot.SpringApplication.run(SpringApplication.java:1365)
	at org.springframework.boot.SpringApplication.run(SpringApplication.java:1354)
	at ua.com.kisit.course2026np.Main.main(Main.java:13)
	at java.base/jdk.internal.reflect.DirectMethodHandleAccessor.invoke(DirectMethodHandleAccessor.java:104)
	at java.base/java.lang.reflect.Method.invoke(Method.java:565)
	at org.springframework.boot.devtools.restart.RestartLauncher.run(RestartLauncher.java:52)
2026-05-08 18:41:55.346 WARN  [restartedMain] org.hibernate.orm.deprecation - HHH90000025: MySQLDialect does not need to be specified explicitly using 'hibernate.dialect' (remove the property setting and it will be selected by default)
2026-05-08 18:41:55.360 INFO  [restartedMain] o.hibernate.orm.connections.pooling - HHH10001005: Database info:
	Database JDBC URL [undefined/unknown]
	Database driver: undefined/unknown
	Database dialect: MySQLDialect
	Database version: 8.0
	Default catalog/schema: unknown/unknown
	Autocommit mode: undefined/unknown
	Isolation level: NONE [default NONE]
	JDBC fetch size: undefined/unknown
	Pool: DataSourceConnectionProvider
	Minimum pool size: undefined/unknown
	Maximum pool size: undefined/unknown
2026-05-08 18:41:56.920 INFO  [restartedMain] org.hibernate.orm.core - HHH000489: No JTA platform available (set 'hibernate.transaction.jta.platform' to enable JTA platform integration)
2026-05-08 18:41:56.924 INFO  [restartedMain] org.hibernate.orm.jdbc.batch - HHH100501: Automatic JDBC statement batching enabled (maximum batch size 20)
2026-05-08 18:41:56.954 INFO  [restartedMain] com.zaxxer.hikari.HikariDataSource - SkyAirlinesHikariPool - Starting...
2026-05-08 18:41:56.956 ERROR [restartedMain] o.s.o.j.LocalContainerEntityManagerFactoryBean - Failed to initialize JPA EntityManagerFactory: Unable to build Hibernate SessionFactory  [persistence unit: default] ; nested exception is java.lang.RuntimeException: Driver com.mysql.cj.jdbc.Driver claims to not accept jdbcUrl, ${DB_URL}
2026-05-08 18:41:56.957 WARN  [restartedMain] o.s.b.w.s.s.c.AnnotationConfigServletWebServerApplicationContext - Exception encountered during context initialization - cancelling refresh attempt: org.springframework.beans.factory.BeanCreationException: Error creating bean with name 'entityManagerFactory' defined in class path resource [org/springframework/boot/hibernate/autoconfigure/HibernateJpaConfiguration.class]: Unable to build Hibernate SessionFactory  [persistence unit: default] ; nested exception is java.lang.RuntimeException: Driver com.mysql.cj.jdbc.Driver claims to not accept jdbcUrl, ${DB_URL}
2026-05-08 18:41:56.961 INFO  [restartedMain] o.a.catalina.core.StandardService - Stopping service [Tomcat]
2026-05-08 18:41:56.973 INFO  [restartedMain] o.s.b.a.l.ConditionEvaluationReportLogger - 

Error starting ApplicationContext. To display the condition evaluation report re-run your application with 'debug' enabled.
2026-05-08 18:41:56.990 ERROR [restartedMain] o.s.boot.SpringApplication - Application run failed
org.springframework.beans.factory.BeanCreationException: Error creating bean with name 'entityManagerFactory' defined in class path resource [org/springframework/boot/hibernate/autoconfigure/HibernateJpaConfiguration.class]: Unable to build Hibernate SessionFactory  [persistence unit: default] ; nested exception is java.lang.RuntimeException: Driver com.mysql.cj.jdbc.Driver claims to not accept jdbcUrl, ${DB_URL}
	at org.springframework.beans.factory.support.AbstractAutowireCapableBeanFactory.initializeBean(AbstractAutowireCapableBeanFactory.java:1817)
	at org.springframework.beans.factory.support.AbstractAutowireCapableBeanFactory.doCreateBean(AbstractAutowireCapableBeanFactory.java:603)
	at org.springframework.beans.factory.support.AbstractAutowireCapableBeanFactory.createBean(AbstractAutowireCapableBeanFactory.java:525)
	at org.springframework.beans.factory.support.AbstractBeanFactory.lambda$doGetBean$0(AbstractBeanFactory.java:333)
	at org.springframework.beans.factory.support.DefaultSingletonBeanRegistry.getSingleton(DefaultSingletonBeanRegistry.java:371)
	at org.springframework.beans.factory.support.AbstractBeanFactory.doGetBean(AbstractBeanFactory.java:331)
	at org.springframework.beans.factory.support.AbstractBeanFactory.getBean(AbstractBeanFactory.java:201)
	at org.springframework.context.support.AbstractApplicationContext.finishBeanFactoryInitialization(AbstractApplicationContext.java:976)
	at org.springframework.context.support.AbstractApplicationContext.refresh(AbstractApplicationContext.java:620)
	at org.springframework.boot.web.server.servlet.context.ServletWebServerApplicationContext.refresh(ServletWebServerApplicationContext.java:143)
	at org.springframework.boot.SpringApplication.refresh(SpringApplication.java:756)
	at org.springframework.boot.SpringApplication.refreshContext(SpringApplication.java:445)
	at org.springframework.boot.SpringApplication.run(SpringApplication.java:321)
	at org.springframework.boot.SpringApplication.run(SpringApplication.java:1365)
	at org.springframework.boot.SpringApplication.run(SpringApplication.java:1354)
	at ua.com.kisit.course2026np.Main.main(Main.java:13)
	at java.base/jdk.internal.reflect.DirectMethodHandleAccessor.invoke(DirectMethodHandleAccessor.java:104)
	at java.base/java.lang.reflect.Method.invoke(Method.java:565)
	at org.springframework.boot.devtools.restart.RestartLauncher.run(RestartLauncher.java:52)
Caused by: jakarta.persistence.PersistenceException: Unable to build Hibernate SessionFactory  [persistence unit: default] ; nested exception is java.lang.RuntimeException: Driver com.mysql.cj.jdbc.Driver claims to not accept jdbcUrl, ${DB_URL}
	at org.springframework.orm.jpa.AbstractEntityManagerFactoryBean.buildNativeEntityManagerFactory(AbstractEntityManagerFactoryBean.java:428)
	at org.springframework.orm.jpa.AbstractEntityManagerFactoryBean.afterPropertiesSet(AbstractEntityManagerFactoryBean.java:396)
	at org.springframework.orm.jpa.LocalContainerEntityManagerFactoryBean.afterPropertiesSet(LocalContainerEntityManagerFactoryBean.java:409)
	at org.springframework.beans.factory.support.AbstractAutowireCapableBeanFactory.invokeInitMethods(AbstractAutowireCapableBeanFactory.java:1864)
	at org.springframework.beans.factory.support.AbstractAutowireCapableBeanFactory.initializeBean(AbstractAutowireCapableBeanFactory.java:1813)
	... 18 common frames omitted
Caused by: java.lang.RuntimeException: Driver com.mysql.cj.jdbc.Driver claims to not accept jdbcUrl, ${DB_URL}
	at com.zaxxer.hikari.util.DriverDataSource.<init>(DriverDataSource.java:116)
	at com.zaxxer.hikari.pool.PoolBase.initializeDataSource(PoolBase.java:336)
	at com.zaxxer.hikari.pool.PoolBase.<init>(PoolBase.java:121)
	at com.zaxxer.hikari.pool.HikariPool.<init>(HikariPool.java:90)
	at com.zaxxer.hikari.HikariDataSource.getConnection(HikariDataSource.java:111)
	at org.hibernate.engine.jdbc.connections.internal.DataSourceConnectionProvider.getConnection(DataSourceConnectionProvider.java:137)
	at org.hibernate.engine.jdbc.env.internal.JdbcEnvironmentInitiator$ConnectionProviderJdbcConnectionAccess.obtainConnection(JdbcEnvironmentInitiator.java:508)
	at org.hibernate.resource.transaction.backend.jdbc.internal.DdlTransactionIsolatorNonJtaImpl.getIsolatedConnection(DdlTransactionIsolatorNonJtaImpl.java:44)
	at org.hibernate.resource.transaction.backend.jdbc.internal.DdlTransactionIsolatorNonJtaImpl.getIsolatedConnection(DdlTransactionIsolatorNonJtaImpl.java:37)
	at org.hibernate.tool.schema.internal.exec.ImprovedExtractionContextImpl.getJdbcConnection(ImprovedExtractionContextImpl.java:61)
	at org.hibernate.tool.schema.internal.exec.ImprovedExtractionContextImpl.getJdbcDatabaseMetaData(ImprovedExtractionContextImpl.java:68)
	at org.hibernate.tool.schema.extract.internal.InformationExtractorJdbcDatabaseMetaDataImpl.getJdbcDatabaseMetaData(InformationExtractorJdbcDatabaseMetaDataImpl.java:38)
	at org.hibernate.tool.schema.extract.internal.InformationExtractorJdbcDatabaseMetaDataImpl.processTableResultSet(InformationExtractorJdbcDatabaseMetaDataImpl.java:76)
	at org.hibernate.tool.schema.extract.internal.AbstractInformationExtractorImpl.getTables(AbstractInformationExtractorImpl.java:496)
	at org.hibernate.tool.schema.extract.internal.DatabaseInformationImpl.getTablesInformation(DatabaseInformationImpl.java:124)
	at org.hibernate.tool.schema.internal.GroupedSchemaMigratorImpl.performTablesMigration(GroupedSchemaMigratorImpl.java:72)
	at org.hibernate.tool.schema.internal.AbstractSchemaMigrator.performMigration(AbstractSchemaMigrator.java:220)
	at org.hibernate.tool.schema.internal.AbstractSchemaMigrator.doMigration(AbstractSchemaMigrator.java:96)
	at org.hibernate.tool.schema.spi.SchemaManagementToolCoordinator.performDatabaseAction(SchemaManagementToolCoordinator.java:269)
	at org.hibernate.tool.schema.spi.SchemaManagementToolCoordinator.lambda$process$1(SchemaManagementToolCoordinator.java:101)
	at java.base/java.util.HashMap.forEach(HashMap.java:1430)
	at org.hibernate.tool.schema.spi.SchemaManagementToolCoordinator.process(SchemaManagementToolCoordinator.java:100)
	at org.hibernate.boot.internal.SessionFactoryObserverForSchemaExport.sessionFactoryCreated(SessionFactoryObserverForSchemaExport.java:35)
	at org.hibernate.internal.SessionFactoryObserverChain.sessionFactoryCreated(SessionFactoryObserverChain.java:33)
	at org.hibernate.internal.SessionFactoryImpl.<init>(SessionFactoryImpl.java:323)
	at org.hibernate.internal.SessionFactoryRegistry.instantiateSessionFactory(SessionFactoryRegistry.java:64)
	at org.hibernate.boot.internal.SessionFactoryBuilderImpl.build(SessionFactoryBuilderImpl.java:437)
	at org.hibernate.jpa.boot.internal.EntityManagerFactoryBuilderImpl.build(EntityManagerFactoryBuilderImpl.java:1456)
	at org.springframework.orm.jpa.vendor.SpringHibernateJpaPersistenceProvider.createContainerEntityManagerFactory(SpringHibernateJpaPersistenceProvider.java:66)
	at org.springframework.orm.jpa.LocalContainerEntityManagerFactoryBean.createNativeEntityManagerFactory(LocalContainerEntityManagerFactoryBean.java:433)
	at org.springframework.orm.jpa.AbstractEntityManagerFactoryBean.buildNativeEntityManagerFactory(AbstractEntityManagerFactoryBean.java:416)
	... 22 common frames omitted
2026-05-08 18:44:21.780 INFO  [restartedMain] ua.com.kisit.course2026np.Main - Starting Main using Java 24.0.2 with PID 16852 (D:\ООП\practica\git\course-2026-np\target\classes started by User in D:\ООП\practica\git\course-2026-np)
2026-05-08 18:44:21.783 DEBUG [restartedMain] ua.com.kisit.course2026np.Main - Running with Spring Boot v4.0.2, Spring v7.0.3
2026-05-08 18:44:21.784 INFO  [restartedMain] ua.com.kisit.course2026np.Main - No active profile set, falling back to 1 default profile: "default"
2026-05-08 18:44:21.857 INFO  [restartedMain] o.s.b.d.e.DevToolsPropertyDefaultsPostProcessor - Devtools property defaults active! Set 'spring.devtools.add-properties' to 'false' to disable
2026-05-08 18:44:21.858 INFO  [restartedMain] o.s.b.d.e.DevToolsPropertyDefaultsPostProcessor - For additional web related logging consider setting the 'logging.level.web' property to 'DEBUG'
2026-05-08 18:44:22.082 INFO  [background-preinit] o.h.validator.internal.util.Version - HV000001: Hibernate Validator 9.0.1.Final
2026-05-08 18:44:23.196 INFO  [restartedMain] o.s.d.r.c.RepositoryConfigurationDelegate - Multiple Spring Data modules found, entering strict repository configuration mode
2026-05-08 18:44:23.198 INFO  [restartedMain] o.s.d.r.c.RepositoryConfigurationDelegate - Bootstrapping Spring Data JDBC repositories in DEFAULT mode.
2026-05-08 18:44:23.247 INFO  [restartedMain] o.s.d.r.c.RepositoryConfigurationExtensionSupport - Spring Data JDBC - Could not safely identify store assignment for repository candidate interface ua.com.kisit.course2026np.repository.AircraftRepository; If you want this repository to be a JDBC repository, consider annotating your entities with one of these annotations: org.springframework.data.relational.core.mapping.Table.
2026-05-08 18:44:23.250 INFO  [restartedMain] o.s.d.r.c.RepositoryConfigurationExtensionSupport - Spring Data JDBC - Could not safely identify store assignment for repository candidate interface ua.com.kisit.course2026np.repository.CrewMemberRepository; If you want this repository to be a JDBC repository, consider annotating your entities with one of these annotations: org.springframework.data.relational.core.mapping.Table.
2026-05-08 18:44:23.251 INFO  [restartedMain] o.s.d.r.c.RepositoryConfigurationExtensionSupport - Spring Data JDBC - Could not safely identify store assignment for repository candidate interface ua.com.kisit.course2026np.repository.CrewRepository; If you want this repository to be a JDBC repository, consider annotating your entities with one of these annotations: org.springframework.data.relational.core.mapping.Table.
2026-05-08 18:44:23.252 INFO  [restartedMain] o.s.d.r.c.RepositoryConfigurationExtensionSupport - Spring Data JDBC - Could not safely identify store assignment for repository candidate interface ua.com.kisit.course2026np.repository.FlightRepository; If you want this repository to be a JDBC repository, consider annotating your entities with one of these annotations: org.springframework.data.relational.core.mapping.Table.
2026-05-08 18:44:23.254 INFO  [restartedMain] o.s.d.r.c.RepositoryConfigurationExtensionSupport - Spring Data JDBC - Could not safely identify store assignment for repository candidate interface ua.com.kisit.course2026np.repository.PassengerRepository; If you want this repository to be a JDBC repository, consider annotating your entities with one of these annotations: org.springframework.data.relational.core.mapping.Table.
2026-05-08 18:44:23.255 INFO  [restartedMain] o.s.d.r.c.RepositoryConfigurationExtensionSupport - Spring Data JDBC - Could not safely identify store assignment for repository candidate interface ua.com.kisit.course2026np.repository.TicketRepository; If you want this repository to be a JDBC repository, consider annotating your entities with one of these annotations: org.springframework.data.relational.core.mapping.Table.
2026-05-08 18:44:23.257 INFO  [restartedMain] o.s.d.r.c.RepositoryConfigurationExtensionSupport - Spring Data JDBC - Could not safely identify store assignment for repository candidate interface ua.com.kisit.course2026np.repository.UserRepository; If you want this repository to be a JDBC repository, consider annotating your entities with one of these annotations: org.springframework.data.relational.core.mapping.Table.
2026-05-08 18:44:23.257 INFO  [restartedMain] o.s.d.r.c.RepositoryConfigurationDelegate - Finished Spring Data repository scanning in 51 ms. Found 0 JDBC repository interfaces.
2026-05-08 18:44:23.271 INFO  [restartedMain] o.s.d.r.c.RepositoryConfigurationDelegate - Multiple Spring Data modules found, entering strict repository configuration mode
2026-05-08 18:44:23.272 INFO  [restartedMain] o.s.d.r.c.RepositoryConfigurationDelegate - Bootstrapping Spring Data JPA repositories in DEFAULT mode.
2026-05-08 18:44:23.318 INFO  [restartedMain] o.s.d.r.c.RepositoryConfigurationDelegate - Finished Spring Data repository scanning in 39 ms. Found 7 JPA repository interfaces.
2026-05-08 18:44:24.246 INFO  [restartedMain] o.s.boot.tomcat.TomcatWebServer - Tomcat initialized with port 8080 (http)
2026-05-08 18:44:24.265 INFO  [restartedMain] o.a.coyote.http11.Http11NioProtocol - Initializing ProtocolHandler ["http-nio-8080"]
2026-05-08 18:44:24.267 INFO  [restartedMain] o.a.catalina.core.StandardService - Starting service [Tomcat]
2026-05-08 18:44:24.267 INFO  [restartedMain] o.a.catalina.core.StandardEngine - Starting Servlet engine: [Apache Tomcat/11.0.15]
2026-05-08 18:44:24.340 INFO  [restartedMain] o.s.b.w.c.s.WebApplicationContextInitializer - Root WebApplicationContext: initialization completed in 2481 ms
2026-05-08 18:44:24.737 INFO  [restartedMain] org.hibernate.orm.jpa - HHH008540: Processing PersistenceUnitInfo [name: default]
2026-05-08 18:44:24.802 INFO  [restartedMain] org.hibernate.orm.core - HHH000001: Hibernate ORM core version 7.2.1.Final
2026-05-08 18:44:25.452 INFO  [restartedMain] o.s.o.j.p.SpringPersistenceUnitInfo - No LoadTimeWeaver setup: ignoring JPA class transformer
2026-05-08 18:44:25.496 INFO  [restartedMain] com.zaxxer.hikari.HikariDataSource - SkyAirlinesHikariPool - Starting...
2026-05-08 18:44:26.158 INFO  [restartedMain] com.zaxxer.hikari.pool.HikariPool - SkyAirlinesHikariPool - Added connection com.mysql.cj.jdbc.ConnectionImpl@c7eba21
2026-05-08 18:44:26.161 INFO  [restartedMain] com.zaxxer.hikari.HikariDataSource - SkyAirlinesHikariPool - Start completed.
2026-05-08 18:44:26.271 WARN  [restartedMain] org.hibernate.orm.deprecation - HHH90000025: MySQLDialect does not need to be specified explicitly using 'hibernate.dialect' (remove the property setting and it will be selected by default)
2026-05-08 18:44:26.305 INFO  [restartedMain] o.hibernate.orm.connections.pooling - HHH10001005: Database info:
	Database JDBC URL [jdbc:mysql://localhost:3306/course-2026-np]
	Database driver: MySQL Connector/J
	Database dialect: MySQLDialect
	Database version: 8.0.45
	Default catalog/schema: course-2026-np/undefined
	Autocommit mode: undefined/unknown
	Isolation level: REPEATABLE_READ [default REPEATABLE_READ]
	JDBC fetch size: none
	Pool: DataSourceConnectionProvider
	Minimum pool size: undefined/unknown
	Maximum pool size: undefined/unknown
2026-05-08 18:44:27.761 INFO  [restartedMain] org.hibernate.orm.core - HHH000489: No JTA platform available (set 'hibernate.transaction.jta.platform' to enable JTA platform integration)
2026-05-08 18:44:27.766 INFO  [restartedMain] org.hibernate.orm.jdbc.batch - HHH100501: Automatic JDBC statement batching enabled (maximum batch size 20)
2026-05-08 18:44:28.158 INFO  [restartedMain] o.s.o.j.LocalContainerEntityManagerFactoryBean - Initialized JPA EntityManagerFactory for persistence unit 'default'
2026-05-08 18:44:28.343 INFO  [restartedMain] o.s.d.j.r.q.QueryEnhancerFactories - Hibernate is in classpath; If applicable, HQL parser will be used.
2026-05-08 18:44:30.356 INFO  [restartedMain] o.s.s.c.a.a.c.InitializeAuthenticationProviderBeanManagerConfigurer$InitializeAuthenticationProviderManagerConfigurer - Global AuthenticationManager configured with AuthenticationProvider bean with name authenticationProvider
2026-05-08 18:44:30.357 WARN  [restartedMain] o.s.s.c.a.a.c.InitializeUserDetailsBeanManagerConfigurer$InitializeUserDetailsManagerConfigurer - Global AuthenticationManager configured with an AuthenticationProvider bean. UserDetailsService beans will not be used by Spring Security for automatically configuring username/password login. Consider removing the AuthenticationProvider bean. Alternatively, consider using the UserDetailsService in a manually instantiated DaoAuthenticationProvider. If the current configuration is intentional, to turn off this warning, increase the logging level of 'org.springframework.security.config.annotation.authentication.configuration.InitializeUserDetailsBeanManagerConfigurer' to ERROR
2026-05-08 18:44:30.390 WARN  [restartedMain] o.s.b.j.a.JpaBaseConfiguration$JpaWebConfiguration - spring.jpa.open-in-view is enabled by default. Therefore, database queries may be performed during view rendering. Explicitly configure spring.jpa.open-in-view to disable this warning
2026-05-08 18:44:30.811 INFO  [restartedMain] o.s.b.w.a.WelcomePageHandlerMapping - Adding welcome page template: index
2026-05-08 18:44:31.971 INFO  [restartedMain] o.s.b.a.e.web.EndpointLinksResolver - Exposing 1 endpoint beneath base path '/actuator'
2026-05-08 18:44:32.113 INFO  [restartedMain] o.a.coyote.http11.Http11NioProtocol - Starting ProtocolHandler ["http-nio-8080"]
2026-05-08 18:44:32.131 INFO  [restartedMain] o.s.boot.tomcat.TomcatWebServer - Tomcat started on port 8080 (http) with context path '/'
2026-05-08 18:44:32.143 INFO  [restartedMain] ua.com.kisit.course2026np.Main - Started Main in 11.249 seconds (process running for 12.521)
2026-05-08 18:44:32.318 INFO  [restartedMain] u.c.k.c.s.PasswordMigrationRunner - Усі паролі вже у форматі BCrypt — міграція не потрібна.
2026-05-08 18:44:32.901 INFO  [RMI TCP Connection(3)-192.168.56.1] o.a.c.c.C.[Tomcat].[localhost].[/] - Initializing Spring DispatcherServlet 'dispatcherServlet'
2026-05-08 18:44:32.901 INFO  [RMI TCP Connection(3)-192.168.56.1] o.s.web.servlet.DispatcherServlet - Initializing Servlet 'dispatcherServlet'
2026-05-08 18:44:32.905 INFO  [RMI TCP Connection(3)-192.168.56.1] o.s.web.servlet.DispatcherServlet - Completed initialization in 4 ms
2026-05-08 18:44:42.052 INFO  [File Watcher] o.s.b.d.a.LocalDevToolsAutoConfiguration$RestartingClassPathChangeChangedEventListener - Restarting due to 49 class path changes (0 additions, 48 deletions, 1 modification)
2026-05-08 18:44:42.060 INFO  [Thread-1] o.s.boot.tomcat.GracefulShutdown - Commencing graceful shutdown. Waiting for active requests to complete
2026-05-08 18:44:42.062 INFO  [tomcat-shutdown] o.a.coyote.http11.Http11NioProtocol - Pausing ProtocolHandler ["http-nio-8080"]
2026-05-08 18:44:42.067 INFO  [tomcat-shutdown] o.s.boot.tomcat.GracefulShutdown - Graceful shutdown complete
2026-05-08 18:44:42.068 INFO  [Thread-1] o.a.coyote.http11.Http11NioProtocol - Stopping ProtocolHandler ["http-nio-8080"]
2026-05-08 18:44:42.081 INFO  [Thread-1] o.s.o.j.LocalContainerEntityManagerFactoryBean - Closing JPA EntityManagerFactory for persistence unit 'default'
2026-05-08 18:44:42.089 INFO  [Thread-1] com.zaxxer.hikari.HikariDataSource - SkyAirlinesHikariPool - Shutdown initiated...
2026-05-08 18:44:42.095 INFO  [Thread-1] com.zaxxer.hikari.HikariDataSource - SkyAirlinesHikariPool - Shutdown completed.
2026-05-08 18:44:42.267 INFO  [restartedMain] ua.com.kisit.course2026np.Main - Starting Main using Java 24.0.2 with PID 16852 (D:\ООП\practica\git\course-2026-np\target\classes started by User in D:\ООП\practica\git\course-2026-np)
2026-05-08 18:44:42.267 DEBUG [restartedMain] ua.com.kisit.course2026np.Main - Running with Spring Boot v4.0.2, Spring v7.0.3
2026-05-08 18:44:42.267 INFO  [restartedMain] ua.com.kisit.course2026np.Main - No active profile set, falling back to 1 default profile: "default"
2026-05-08 18:44:42.783 INFO  [restartedMain] o.s.d.r.c.RepositoryConfigurationDelegate - Multiple Spring Data modules found, entering strict repository configuration mode
2026-05-08 18:44:42.783 INFO  [restartedMain] o.s.d.r.c.RepositoryConfigurationDelegate - Bootstrapping Spring Data JDBC repositories in DEFAULT mode.
2026-05-08 18:44:42.787 INFO  [restartedMain] o.s.d.r.c.RepositoryConfigurationDelegate - Finished Spring Data repository scanning in 0 ms. Found 0 JDBC repository interfaces.
2026-05-08 18:44:42.794 INFO  [restartedMain] o.s.d.r.c.RepositoryConfigurationDelegate - Multiple Spring Data modules found, entering strict repository configuration mode
2026-05-08 18:44:42.794 INFO  [restartedMain] o.s.d.r.c.RepositoryConfigurationDelegate - Bootstrapping Spring Data JPA repositories in DEFAULT mode.
2026-05-08 18:44:42.798 INFO  [restartedMain] o.s.d.r.c.RepositoryConfigurationDelegate - Finished Spring Data repository scanning in 0 ms. Found 0 JPA repository interfaces.
2026-05-08 18:44:43.064 INFO  [restartedMain] o.s.boot.tomcat.TomcatWebServer - Tomcat initialized with port 8080 (http)
2026-05-08 18:44:43.065 INFO  [restartedMain] o.a.coyote.http11.Http11NioProtocol - Initializing ProtocolHandler ["http-nio-8080"]
2026-05-08 18:44:43.066 INFO  [restartedMain] o.a.catalina.core.StandardService - Starting service [Tomcat]
2026-05-08 18:44:43.066 INFO  [restartedMain] o.a.catalina.core.StandardEngine - Starting Servlet engine: [Apache Tomcat/11.0.15]
2026-05-08 18:44:43.119 INFO  [restartedMain] o.s.b.w.c.s.WebApplicationContextInitializer - Root WebApplicationContext: initialization completed in 848 ms
2026-05-08 18:44:43.264 INFO  [restartedMain] org.hibernate.orm.jpa - HHH008540: Processing PersistenceUnitInfo [name: default]
2026-05-08 18:44:43.343 INFO  [restartedMain] o.s.o.j.p.SpringPersistenceUnitInfo - No LoadTimeWeaver setup: ignoring JPA class transformer
2026-05-08 18:44:43.345 INFO  [restartedMain] com.zaxxer.hikari.HikariDataSource - SkyAirlinesHikariPool - Starting...
2026-05-08 18:44:43.393 INFO  [restartedMain] com.zaxxer.hikari.pool.HikariPool - SkyAirlinesHikariPool - Added connection com.mysql.cj.jdbc.ConnectionImpl@1f68a75d
2026-05-08 18:44:43.393 INFO  [restartedMain] com.zaxxer.hikari.HikariDataSource - SkyAirlinesHikariPool - Start completed.
2026-05-08 18:44:43.395 WARN  [restartedMain] org.hibernate.orm.deprecation - HHH90000025: MySQLDialect does not need to be specified explicitly using 'hibernate.dialect' (remove the property setting and it will be selected by default)
2026-05-08 18:44:43.396 INFO  [restartedMain] o.hibernate.orm.connections.pooling - HHH10001005: Database info:
	Database JDBC URL [jdbc:mysql://localhost:3306/course-2026-np]
	Database driver: MySQL Connector/J
	Database dialect: MySQLDialect
	Database version: 8.0.45
	Default catalog/schema: course-2026-np/undefined
	Autocommit mode: undefined/unknown
	Isolation level: REPEATABLE_READ [default REPEATABLE_READ]
	JDBC fetch size: none
	Pool: DataSourceConnectionProvider
	Minimum pool size: undefined/unknown
	Maximum pool size: undefined/unknown
2026-05-08 18:44:43.427 INFO  [restartedMain] org.hibernate.orm.core - HHH000489: No JTA platform available (set 'hibernate.transaction.jta.platform' to enable JTA platform integration)
2026-05-08 18:44:43.428 INFO  [restartedMain] org.hibernate.orm.jdbc.batch - HHH100501: Automatic JDBC statement batching enabled (maximum batch size 20)
2026-05-08 18:44:43.429 INFO  [restartedMain] o.s.o.j.LocalContainerEntityManagerFactoryBean - Initialized JPA EntityManagerFactory for persistence unit 'default'
2026-05-08 18:44:43.485 WARN  [restartedMain] o.s.b.j.a.JpaBaseConfiguration$JpaWebConfiguration - spring.jpa.open-in-view is enabled by default. Therefore, database queries may be performed during view rendering. Explicitly configure spring.jpa.open-in-view to disable this warning
2026-05-08 18:44:43.508 INFO  [restartedMain] o.s.b.w.a.WelcomePageHandlerMapping - Adding welcome page template: index
2026-05-08 18:44:43.895 WARN  [restartedMain] o.s.b.s.a.UserDetailsServiceAutoConfiguration - 

Using generated security password: a23fefcb-c7f1-4708-8bde-90d7e3f0e003

This generated password is for development use only. Your security configuration must be updated before running your application in production.

2026-05-08 18:44:43.924 INFO  [restartedMain] o.s.s.c.a.a.c.InitializeUserDetailsBeanManagerConfigurer$InitializeUserDetailsManagerConfigurer - Global AuthenticationManager configured with UserDetailsService bean with name inMemoryUserDetailsManager
2026-05-08 18:44:44.155 INFO  [restartedMain] o.s.b.a.e.web.EndpointLinksResolver - Exposing 1 endpoint beneath base path '/actuator'
2026-05-08 18:44:44.262 INFO  [restartedMain] o.a.coyote.http11.Http11NioProtocol - Starting ProtocolHandler ["http-nio-8080"]
2026-05-08 18:44:44.266 INFO  [restartedMain] o.s.boot.tomcat.TomcatWebServer - Tomcat started on port 8080 (http) with context path '/'
2026-05-08 18:44:44.278 INFO  [restartedMain] ua.com.kisit.course2026np.Main - Started Main in 2.084 seconds (process running for 24.657)
2026-05-08 18:44:44.288 INFO  [restartedMain] o.s.b.d.a.ConditionEvaluationDeltaLoggingListener - Condition evaluation delta:


==========================
CONDITION EVALUATION DELTA
==========================


Positive matches:
-----------------

   ManagementWebSecurityAutoConfiguration matched:
      - @ConditionalOnClass found required classes 'org.springframework.security.web.util.matcher.RequestMatcher', 'org.springframework.boot.actuate.autoconfigure.endpoint.web.WebEndpointAutoConfiguration' (OnClassCondition)
      - found 'session' scope (OnWebApplicationCondition)
      - AllNestedConditions 2 matched 0 did not; NestedCondition on DefaultWebSecurityCondition.Beans @ConditionalOnMissingBean (types: org.springframework.security.web.SecurityFilterChain; SearchStrategy: all) did not find any beans; NestedCondition on DefaultWebSecurityCondition.Classes @ConditionalOnClass found required classes 'org.springframework.security.web.SecurityFilterChain', 'org.springframework.security.config.annotation.web.builders.HttpSecurity' (DefaultWebSecurityCondition)

   UserDetailsServiceAutoConfiguration matched:
      - @ConditionalOnClass found required class 'org.springframework.security.authentication.AuthenticationManager' (OnClassCondition)
      - found 'session' scope (OnWebApplicationCondition)
      - AnyNestedCondition 1 matched 2 did not; NestedCondition on MissingAlternativeUserDetailsManagerOrUserPropertiesConfigured.PasswordConfigured @ConditionalOnProperty (spring.security.user.password) did not find property 'spring.security.user.password'; NestedCondition on MissingAlternativeUserDetailsManagerOrUserPropertiesConfigured.NameConfigured @ConditionalOnProperty (spring.security.user.name) did not find property 'spring.security.user.name'; NestedCondition on MissingAlternativeUserDetailsManagerOrUserPropertiesConfigured.MissingAlternative @ConditionalOnMissingClass did not find unwanted classes 'org.springframework.security.oauth2.client.registration.ClientRegistrationRepository', 'org.springframework.security.oauth2.server.resource.introspection.OpaqueTokenIntrospector', 'org.springframework.security.saml2.provider.service.registration.RelyingPartyRegistrationRepository' (MissingAlternativeUserDetailsManagerOrUserPropertiesConfigured)
      - @ConditionalOnMissingBean (types: org.springframework.security.authentication.AuthenticationManager,org.springframework.security.authentication.AuthenticationProvider,org.springframework.security.core.userdetails.UserDetailsService,org.springframework.security.authentication.AuthenticationManagerResolver,org.springframework.security.oauth2.jwt.JwtDecoder; SearchStrategy: all) did not find any beans (OnBeanCondition)


Negative matches:
-----------------

    None


Exclusions:
-----------

    None


Unconditional classes:
----------------------

    None



2026-05-08 18:44:50.579 INFO  [File Watcher] o.s.b.d.a.LocalDevToolsAutoConfiguration$RestartingClassPathChangeChangedEventListener - Restarting due to 48 class path changes (48 additions, 0 deletions, 0 modifications)
2026-05-08 18:44:50.581 INFO  [Thread-5] o.s.boot.tomcat.GracefulShutdown - Commencing graceful shutdown. Waiting for active requests to complete
2026-05-08 18:44:50.582 INFO  [tomcat-shutdown] o.a.coyote.http11.Http11NioProtocol - Pausing ProtocolHandler ["http-nio-8080"]
2026-05-08 18:44:50.586 INFO  [tomcat-shutdown] o.s.boot.tomcat.GracefulShutdown - Graceful shutdown complete
2026-05-08 18:44:50.587 INFO  [Thread-5] o.a.coyote.http11.Http11NioProtocol - Stopping ProtocolHandler ["http-nio-8080"]
2026-05-08 18:44:50.590 INFO  [Thread-5] o.s.o.j.LocalContainerEntityManagerFactoryBean - Closing JPA EntityManagerFactory for persistence unit 'default'
2026-05-08 18:44:50.592 INFO  [Thread-5] com.zaxxer.hikari.HikariDataSource - SkyAirlinesHikariPool - Shutdown initiated...
2026-05-08 18:44:50.595 INFO  [Thread-5] com.zaxxer.hikari.HikariDataSource - SkyAirlinesHikariPool - Shutdown completed.
2026-05-08 18:44:50.750 INFO  [restartedMain] ua.com.kisit.course2026np.Main - Starting Main using Java 24.0.2 with PID 16852 (D:\ООП\practica\git\course-2026-np\target\classes started by User in D:\ООП\practica\git\course-2026-np)
2026-05-08 18:44:50.750 DEBUG [restartedMain] ua.com.kisit.course2026np.Main - Running with Spring Boot v4.0.2, Spring v7.0.3
2026-05-08 18:44:50.750 INFO  [restartedMain] ua.com.kisit.course2026np.Main - No active profile set, falling back to 1 default profile: "default"
2026-05-08 18:44:51.346 INFO  [restartedMain] o.s.d.r.c.RepositoryConfigurationDelegate - Multiple Spring Data modules found, entering strict repository configuration mode
2026-05-08 18:44:51.346 INFO  [restartedMain] o.s.d.r.c.RepositoryConfigurationDelegate - Bootstrapping Spring Data JDBC repositories in DEFAULT mode.
2026-05-08 18:44:51.357 INFO  [restartedMain] o.s.d.r.c.RepositoryConfigurationExtensionSupport - Spring Data JDBC - Could not safely identify store assignment for repository candidate interface ua.com.kisit.course2026np.repository.AircraftRepository; If you want this repository to be a JDBC repository, consider annotating your entities with one of these annotations: org.springframework.data.relational.core.mapping.Table.
2026-05-08 18:44:51.358 INFO  [restartedMain] o.s.d.r.c.RepositoryConfigurationExtensionSupport - Spring Data JDBC - Could not safely identify store assignment for repository candidate interface ua.com.kisit.course2026np.repository.CrewMemberRepository; If you want this repository to be a JDBC repository, consider annotating your entities with one of these annotations: org.springframework.data.relational.core.mapping.Table.
2026-05-08 18:44:51.360 INFO  [restartedMain] o.s.d.r.c.RepositoryConfigurationExtensionSupport - Spring Data JDBC - Could not safely identify store assignment for repository candidate interface ua.com.kisit.course2026np.repository.CrewRepository; If you want this repository to be a JDBC repository, consider annotating your entities with one of these annotations: org.springframework.data.relational.core.mapping.Table.
2026-05-08 18:44:51.362 INFO  [restartedMain] o.s.d.r.c.RepositoryConfigurationExtensionSupport - Spring Data JDBC - Could not safely identify store assignment for repository candidate interface ua.com.kisit.course2026np.repository.FlightRepository; If you want this repository to be a JDBC repository, consider annotating your entities with one of these annotations: org.springframework.data.relational.core.mapping.Table.
2026-05-08 18:44:51.364 INFO  [restartedMain] o.s.d.r.c.RepositoryConfigurationExtensionSupport - Spring Data JDBC - Could not safely identify store assignment for repository candidate interface ua.com.kisit.course2026np.repository.PassengerRepository; If you want this repository to be a JDBC repository, consider annotating your entities with one of these annotations: org.springframework.data.relational.core.mapping.Table.
2026-05-08 18:44:51.366 INFO  [restartedMain] o.s.d.r.c.RepositoryConfigurationExtensionSupport - Spring Data JDBC - Could not safely identify store assignment for repository candidate interface ua.com.kisit.course2026np.repository.TicketRepository; If you want this repository to be a JDBC repository, consider annotating your entities with one of these annotations: org.springframework.data.relational.core.mapping.Table.
2026-05-08 18:44:51.368 INFO  [restartedMain] o.s.d.r.c.RepositoryConfigurationExtensionSupport - Spring Data JDBC - Could not safely identify store assignment for repository candidate interface ua.com.kisit.course2026np.repository.UserRepository; If you want this repository to be a JDBC repository, consider annotating your entities with one of these annotations: org.springframework.data.relational.core.mapping.Table.
2026-05-08 18:44:51.368 INFO  [restartedMain] o.s.d.r.c.RepositoryConfigurationDelegate - Finished Spring Data repository scanning in 19 ms. Found 0 JDBC repository interfaces.
2026-05-08 18:44:51.374 INFO  [restartedMain] o.s.d.r.c.RepositoryConfigurationDelegate - Multiple Spring Data modules found, entering strict repository configuration mode
2026-05-08 18:44:51.375 INFO  [restartedMain] o.s.d.r.c.RepositoryConfigurationDelegate - Bootstrapping Spring Data JPA repositories in DEFAULT mode.
2026-05-08 18:44:51.402 INFO  [restartedMain] o.s.d.r.c.RepositoryConfigurationDelegate - Finished Spring Data repository scanning in 24 ms. Found 7 JPA repository interfaces.
2026-05-08 18:44:51.856 INFO  [restartedMain] o.s.boot.tomcat.TomcatWebServer - Tomcat initialized with port 8080 (http)
2026-05-08 18:44:51.857 INFO  [restartedMain] o.a.coyote.http11.Http11NioProtocol - Initializing ProtocolHandler ["http-nio-8080"]
2026-05-08 18:44:51.857 INFO  [restartedMain] o.a.catalina.core.StandardService - Starting service [Tomcat]
2026-05-08 18:44:51.858 INFO  [restartedMain] o.a.catalina.core.StandardEngine - Starting Servlet engine: [Apache Tomcat/11.0.15]
2026-05-08 18:44:51.903 INFO  [restartedMain] o.s.b.w.c.s.WebApplicationContextInitializer - Root WebApplicationContext: initialization completed in 1149 ms
2026-05-08 18:44:52.160 INFO  [restartedMain] org.hibernate.orm.jpa - HHH008540: Processing PersistenceUnitInfo [name: default]
2026-05-08 18:44:52.215 INFO  [restartedMain] o.s.o.j.p.SpringPersistenceUnitInfo - No LoadTimeWeaver setup: ignoring JPA class transformer
2026-05-08 18:44:52.216 INFO  [restartedMain] com.zaxxer.hikari.HikariDataSource - SkyAirlinesHikariPool - Starting...
2026-05-08 18:44:52.245 INFO  [restartedMain] com.zaxxer.hikari.pool.HikariPool - SkyAirlinesHikariPool - Added connection com.mysql.cj.jdbc.ConnectionImpl@5eab7b5a
2026-05-08 18:44:52.245 INFO  [restartedMain] com.zaxxer.hikari.HikariDataSource - SkyAirlinesHikariPool - Start completed.
2026-05-08 18:44:52.247 WARN  [restartedMain] org.hibernate.orm.deprecation - HHH90000025: MySQLDialect does not need to be specified explicitly using 'hibernate.dialect' (remove the property setting and it will be selected by default)
2026-05-08 18:44:52.248 INFO  [restartedMain] o.hibernate.orm.connections.pooling - HHH10001005: Database info:
	Database JDBC URL [jdbc:mysql://localhost:3306/course-2026-np]
	Database driver: MySQL Connector/J
	Database dialect: MySQLDialect
	Database version: 8.0.45
	Default catalog/schema: course-2026-np/undefined
	Autocommit mode: undefined/unknown
	Isolation level: REPEATABLE_READ [default REPEATABLE_READ]
	JDBC fetch size: none
	Pool: DataSourceConnectionProvider
	Minimum pool size: undefined/unknown
	Maximum pool size: undefined/unknown
2026-05-08 18:44:52.606 INFO  [restartedMain] org.hibernate.orm.core - HHH000489: No JTA platform available (set 'hibernate.transaction.jta.platform' to enable JTA platform integration)
2026-05-08 18:44:52.606 INFO  [restartedMain] org.hibernate.orm.jdbc.batch - HHH100501: Automatic JDBC statement batching enabled (maximum batch size 20)
2026-05-08 18:44:52.763 INFO  [restartedMain] o.s.o.j.LocalContainerEntityManagerFactoryBean - Initialized JPA EntityManagerFactory for persistence unit 'default'
2026-05-08 18:44:53.561 INFO  [restartedMain] o.s.s.c.a.a.c.InitializeAuthenticationProviderBeanManagerConfigurer$InitializeAuthenticationProviderManagerConfigurer - Global AuthenticationManager configured with AuthenticationProvider bean with name authenticationProvider
2026-05-08 18:44:53.562 WARN  [restartedMain] o.s.s.c.a.a.c.InitializeUserDetailsBeanManagerConfigurer$InitializeUserDetailsManagerConfigurer - Global AuthenticationManager configured with an AuthenticationProvider bean. UserDetailsService beans will not be used by Spring Security for automatically configuring username/password login. Consider removing the AuthenticationProvider bean. Alternatively, consider using the UserDetailsService in a manually instantiated DaoAuthenticationProvider. If the current configuration is intentional, to turn off this warning, increase the logging level of 'org.springframework.security.config.annotation.authentication.configuration.InitializeUserDetailsBeanManagerConfigurer' to ERROR
2026-05-08 18:44:53.594 WARN  [restartedMain] o.s.b.j.a.JpaBaseConfiguration$JpaWebConfiguration - spring.jpa.open-in-view is enabled by default. Therefore, database queries may be performed during view rendering. Explicitly configure spring.jpa.open-in-view to disable this warning
2026-05-08 18:44:54.061 INFO  [restartedMain] o.s.b.w.a.WelcomePageHandlerMapping - Adding welcome page template: index
2026-05-08 18:44:55.033 INFO  [restartedMain] o.s.b.a.e.web.EndpointLinksResolver - Exposing 1 endpoint beneath base path '/actuator'
2026-05-08 18:44:55.143 INFO  [restartedMain] o.a.coyote.http11.Http11NioProtocol - Starting ProtocolHandler ["http-nio-8080"]
2026-05-08 18:44:55.147 INFO  [restartedMain] o.s.boot.tomcat.TomcatWebServer - Tomcat started on port 8080 (http) with context path '/'
2026-05-08 18:44:55.154 INFO  [restartedMain] ua.com.kisit.course2026np.Main - Started Main in 4.472 seconds (process running for 35.533)
2026-05-08 18:44:55.168 INFO  [restartedMain] u.c.k.c.s.PasswordMigrationRunner - Усі паролі вже у форматі BCrypt — міграція не потрібна.
2026-05-08 18:44:55.174 INFO  [restartedMain] o.s.b.d.a.ConditionEvaluationDeltaLoggingListener - Condition evaluation delta:


==========================
CONDITION EVALUATION DELTA
==========================


Positive matches:
-----------------

    None


Negative matches:
-----------------

   ManagementWebSecurityAutoConfiguration:
      Did not match:
         - AllNestedConditions 1 matched 1 did not; NestedCondition on DefaultWebSecurityCondition.Beans @ConditionalOnMissingBean (types: org.springframework.security.web.SecurityFilterChain; SearchStrategy: all) found beans of type 'org.springframework.security.web.SecurityFilterChain' securityFilterChain; NestedCondition on DefaultWebSecurityCondition.Classes @ConditionalOnClass found required classes 'org.springframework.security.web.SecurityFilterChain', 'org.springframework.security.config.annotation.web.builders.HttpSecurity' (DefaultWebSecurityCondition)
      Matched:
         - @ConditionalOnClass found required classes 'org.springframework.security.web.util.matcher.RequestMatcher', 'org.springframework.boot.actuate.autoconfigure.endpoint.web.WebEndpointAutoConfiguration' (OnClassCondition)
         - found 'session' scope (OnWebApplicationCondition)

   UserDetailsServiceAutoConfiguration:
      Did not match:
         - @ConditionalOnMissingBean (types: org.springframework.security.authentication.AuthenticationManager,org.springframework.security.authentication.AuthenticationProvider,org.springframework.security.core.userdetails.UserDetailsService,org.springframework.security.authentication.AuthenticationManagerResolver,org.springframework.security.oauth2.jwt.JwtDecoder; SearchStrategy: all) found beans of type 'org.springframework.security.authentication.AuthenticationManager' authenticationManager and found beans of type 'org.springframework.security.core.userdetails.UserDetailsService' customUserDetailsService and found beans of type 'org.springframework.security.authentication.AuthenticationProvider' authenticationProvider (OnBeanCondition)
      Matched:
         - @ConditionalOnClass found required class 'org.springframework.security.authentication.AuthenticationManager' (OnClassCondition)
         - found 'session' scope (OnWebApplicationCondition)
         - AnyNestedCondition 1 matched 2 did not; NestedCondition on MissingAlternativeUserDetailsManagerOrUserPropertiesConfigured.PasswordConfigured @ConditionalOnProperty (spring.security.user.password) did not find property 'spring.security.user.password'; NestedCondition on MissingAlternativeUserDetailsManagerOrUserPropertiesConfigured.NameConfigured @ConditionalOnProperty (spring.security.user.name) did not find property 'spring.security.user.name'; NestedCondition on MissingAlternativeUserDetailsManagerOrUserPropertiesConfigured.MissingAlternative @ConditionalOnMissingClass did not find unwanted classes 'org.springframework.security.oauth2.client.registration.ClientRegistrationRepository', 'org.springframework.security.oauth2.server.resource.introspection.OpaqueTokenIntrospector', 'org.springframework.security.saml2.provider.service.registration.RelyingPartyRegistrationRepository' (MissingAlternativeUserDetailsManagerOrUserPropertiesConfigured)


Exclusions:
-----------

    None


Unconditional classes:
----------------------

    None



2026-05-08 18:54:38.051 INFO  [File Watcher] o.s.b.d.a.LocalDevToolsAutoConfiguration$RestartingClassPathChangeChangedEventListener - Restarting due to 1 class path change (0 additions, 1 deletion, 0 modifications)
2026-05-08 18:54:38.053 INFO  [Thread-9] o.s.boot.tomcat.GracefulShutdown - Commencing graceful shutdown. Waiting for active requests to complete
2026-05-08 18:54:38.054 INFO  [tomcat-shutdown] o.a.coyote.http11.Http11NioProtocol - Pausing ProtocolHandler ["http-nio-8080"]
2026-05-08 18:54:38.060 INFO  [tomcat-shutdown] o.s.boot.tomcat.GracefulShutdown - Graceful shutdown complete
2026-05-08 18:54:38.060 INFO  [Thread-9] o.a.coyote.http11.Http11NioProtocol - Stopping ProtocolHandler ["http-nio-8080"]
2026-05-08 18:54:38.066 INFO  [Thread-9] o.s.o.j.LocalContainerEntityManagerFactoryBean - Closing JPA EntityManagerFactory for persistence unit 'default'
2026-05-08 18:54:38.067 INFO  [Thread-9] com.zaxxer.hikari.HikariDataSource - SkyAirlinesHikariPool - Shutdown initiated...
2026-05-08 18:54:38.071 INFO  [Thread-9] com.zaxxer.hikari.HikariDataSource - SkyAirlinesHikariPool - Shutdown completed.
2026-05-08 18:54:38.249 INFO  [restartedMain] ua.com.kisit.course2026np.Main - Starting Main using Java 24.0.2 with PID 16852 (D:\ООП\practica\git\course-2026-np\target\classes started by User in D:\ООП\practica\git\course-2026-np)
2026-05-08 18:54:38.249 DEBUG [restartedMain] ua.com.kisit.course2026np.Main - Running with Spring Boot v4.0.2, Spring v7.0.3
2026-05-08 18:54:38.249 INFO  [restartedMain] ua.com.kisit.course2026np.Main - No active profile set, falling back to 1 default profile: "default"
2026-05-08 18:54:38.907 INFO  [restartedMain] o.s.d.r.c.RepositoryConfigurationDelegate - Multiple Spring Data modules found, entering strict repository configuration mode
2026-05-08 18:54:38.908 INFO  [restartedMain] o.s.d.r.c.RepositoryConfigurationDelegate - Bootstrapping Spring Data JDBC repositories in DEFAULT mode.
2026-05-08 18:54:38.927 INFO  [restartedMain] o.s.d.r.c.RepositoryConfigurationExtensionSupport - Spring Data JDBC - Could not safely identify store assignment for repository candidate interface ua.com.kisit.course2026np.repository.AircraftRepository; If you want this repository to be a JDBC repository, consider annotating your entities with one of these annotations: org.springframework.data.relational.core.mapping.Table.
2026-05-08 18:54:38.929 INFO  [restartedMain] o.s.d.r.c.RepositoryConfigurationExtensionSupport - Spring Data JDBC - Could not safely identify store assignment for repository candidate interface ua.com.kisit.course2026np.repository.CrewMemberRepository; If you want this repository to be a JDBC repository, consider annotating your entities with one of these annotations: org.springframework.data.relational.core.mapping.Table.
2026-05-08 18:54:38.930 INFO  [restartedMain] o.s.d.r.c.RepositoryConfigurationExtensionSupport - Spring Data JDBC - Could not safely identify store assignment for repository candidate interface ua.com.kisit.course2026np.repository.CrewRepository; If you want this repository to be a JDBC repository, consider annotating your entities with one of these annotations: org.springframework.data.relational.core.mapping.Table.
2026-05-08 18:54:38.933 INFO  [restartedMain] o.s.d.r.c.RepositoryConfigurationExtensionSupport - Spring Data JDBC - Could not safely identify store assignment for repository candidate interface ua.com.kisit.course2026np.repository.FlightRepository; If you want this repository to be a JDBC repository, consider annotating your entities with one of these annotations: org.springframework.data.relational.core.mapping.Table.
2026-05-08 18:54:38.936 INFO  [restartedMain] o.s.d.r.c.RepositoryConfigurationExtensionSupport - Spring Data JDBC - Could not safely identify store assignment for repository candidate interface ua.com.kisit.course2026np.repository.PassengerRepository; If you want this repository to be a JDBC repository, consider annotating your entities with one of these annotations: org.springframework.data.relational.core.mapping.Table.
2026-05-08 18:54:38.942 INFO  [restartedMain] o.s.d.r.c.RepositoryConfigurationExtensionSupport - Spring Data JDBC - Could not safely identify store assignment for repository candidate interface ua.com.kisit.course2026np.repository.TicketRepository; If you want this repository to be a JDBC repository, consider annotating your entities with one of these annotations: org.springframework.data.relational.core.mapping.Table.
2026-05-08 18:54:38.945 INFO  [restartedMain] o.s.d.r.c.RepositoryConfigurationExtensionSupport - Spring Data JDBC - Could not safely identify store assignment for repository candidate interface ua.com.kisit.course2026np.repository.UserRepository; If you want this repository to be a JDBC repository, consider annotating your entities with one of these annotations: org.springframework.data.relational.core.mapping.Table.
2026-05-08 18:54:38.945 INFO  [restartedMain] o.s.d.r.c.RepositoryConfigurationDelegate - Finished Spring Data repository scanning in 32 ms. Found 0 JDBC repository interfaces.
2026-05-08 18:54:38.954 INFO  [restartedMain] o.s.d.r.c.RepositoryConfigurationDelegate - Multiple Spring Data modules found, entering strict repository configuration mode
2026-05-08 18:54:38.954 INFO  [restartedMain] o.s.d.r.c.RepositoryConfigurationDelegate - Bootstrapping Spring Data JPA repositories in DEFAULT mode.
2026-05-08 18:54:38.982 INFO  [restartedMain] o.s.d.r.c.RepositoryConfigurationDelegate - Finished Spring Data repository scanning in 25 ms. Found 7 JPA repository interfaces.
2026-05-08 18:54:39.702 INFO  [restartedMain] o.s.boot.tomcat.TomcatWebServer - Tomcat initialized with port 8080 (http)
2026-05-08 18:54:39.704 INFO  [restartedMain] o.a.coyote.http11.Http11NioProtocol - Initializing ProtocolHandler ["http-nio-8080"]
2026-05-08 18:54:39.705 INFO  [restartedMain] o.a.catalina.core.StandardService - Starting service [Tomcat]
2026-05-08 18:54:39.705 INFO  [restartedMain] o.a.catalina.core.StandardEngine - Starting Servlet engine: [Apache Tomcat/11.0.15]
2026-05-08 18:54:39.750 INFO  [restartedMain] o.s.b.w.c.s.WebApplicationContextInitializer - Root WebApplicationContext: initialization completed in 1493 ms
2026-05-08 18:54:40.209 INFO  [restartedMain] org.hibernate.orm.jpa - HHH008540: Processing PersistenceUnitInfo [name: default]
2026-05-08 18:54:40.297 INFO  [restartedMain] o.s.o.j.p.SpringPersistenceUnitInfo - No LoadTimeWeaver setup: ignoring JPA class transformer
2026-05-08 18:54:40.299 INFO  [restartedMain] com.zaxxer.hikari.HikariDataSource - SkyAirlinesHikariPool - Starting...
2026-05-08 18:54:40.338 INFO  [restartedMain] com.zaxxer.hikari.pool.HikariPool - SkyAirlinesHikariPool - Added connection com.mysql.cj.jdbc.ConnectionImpl@68f0a19d
2026-05-08 18:54:40.338 INFO  [restartedMain] com.zaxxer.hikari.HikariDataSource - SkyAirlinesHikariPool - Start completed.
2026-05-08 18:54:40.341 WARN  [restartedMain] org.hibernate.orm.deprecation - HHH90000025: MySQLDialect does not need to be specified explicitly using 'hibernate.dialect' (remove the property setting and it will be selected by default)
2026-05-08 18:54:40.342 INFO  [restartedMain] o.hibernate.orm.connections.pooling - HHH10001005: Database info:
	Database JDBC URL [jdbc:mysql://localhost:3306/course-2026-np]
	Database driver: MySQL Connector/J
	Database dialect: MySQLDialect
	Database version: 8.0.45
	Default catalog/schema: course-2026-np/undefined
	Autocommit mode: undefined/unknown
	Isolation level: REPEATABLE_READ [default REPEATABLE_READ]
	JDBC fetch size: none
	Pool: DataSourceConnectionProvider
	Minimum pool size: undefined/unknown
	Maximum pool size: undefined/unknown
2026-05-08 18:54:40.666 INFO  [restartedMain] org.hibernate.orm.core - HHH000489: No JTA platform available (set 'hibernate.transaction.jta.platform' to enable JTA platform integration)
2026-05-08 18:54:40.666 INFO  [restartedMain] org.hibernate.orm.jdbc.batch - HHH100501: Automatic JDBC statement batching enabled (maximum batch size 20)
2026-05-08 18:54:40.867 INFO  [restartedMain] o.s.o.j.LocalContainerEntityManagerFactoryBean - Initialized JPA EntityManagerFactory for persistence unit 'default'
2026-05-08 18:54:41.676 INFO  [restartedMain] o.s.s.c.a.a.c.InitializeAuthenticationProviderBeanManagerConfigurer$InitializeAuthenticationProviderManagerConfigurer - Global AuthenticationManager configured with AuthenticationProvider bean with name authenticationProvider
2026-05-08 18:54:41.677 WARN  [restartedMain] o.s.s.c.a.a.c.InitializeUserDetailsBeanManagerConfigurer$InitializeUserDetailsManagerConfigurer - Global AuthenticationManager configured with an AuthenticationProvider bean. UserDetailsService beans will not be used by Spring Security for automatically configuring username/password login. Consider removing the AuthenticationProvider bean. Alternatively, consider using the UserDetailsService in a manually instantiated DaoAuthenticationProvider. If the current configuration is intentional, to turn off this warning, increase the logging level of 'org.springframework.security.config.annotation.authentication.configuration.InitializeUserDetailsBeanManagerConfigurer' to ERROR
2026-05-08 18:54:41.702 WARN  [restartedMain] o.s.b.j.a.JpaBaseConfiguration$JpaWebConfiguration - spring.jpa.open-in-view is enabled by default. Therefore, database queries may be performed during view rendering. Explicitly configure spring.jpa.open-in-view to disable this warning
2026-05-08 18:54:42.132 INFO  [restartedMain] o.s.b.w.a.WelcomePageHandlerMapping - Adding welcome page template: index
2026-05-08 18:54:44.016 INFO  [restartedMain] o.s.b.a.e.web.EndpointLinksResolver - Exposing 1 endpoint beneath base path '/actuator'
2026-05-08 18:54:44.405 INFO  [restartedMain] o.a.coyote.http11.Http11NioProtocol - Starting ProtocolHandler ["http-nio-8080"]
2026-05-08 18:54:44.412 INFO  [restartedMain] o.s.boot.tomcat.TomcatWebServer - Tomcat started on port 8080 (http) with context path '/'
2026-05-08 18:54:44.421 INFO  [restartedMain] ua.com.kisit.course2026np.Main - Started Main in 6.255 seconds (process running for 624.799)
2026-05-08 18:54:44.455 INFO  [restartedMain] u.c.k.c.s.PasswordMigrationRunner - Усі паролі вже у форматі BCrypt — міграція не потрібна.
2026-05-08 18:54:44.459 INFO  [restartedMain] o.s.b.d.a.ConditionEvaluationDeltaLoggingListener - Condition evaluation unchanged
2026-05-08 18:54:44.943 INFO  [File Watcher] o.s.b.d.a.LocalDevToolsAutoConfiguration$RestartingClassPathChangeChangedEventListener - Restarting due to 1 class path change (1 addition, 0 deletions, 0 modifications)
2026-05-08 18:54:45.028 INFO  [Thread-13] o.s.boot.tomcat.GracefulShutdown - Commencing graceful shutdown. Waiting for active requests to complete
2026-05-08 18:54:45.080 INFO  [tomcat-shutdown] o.a.coyote.http11.Http11NioProtocol - Pausing ProtocolHandler ["http-nio-8080"]
2026-05-08 18:54:45.139 INFO  [tomcat-shutdown] o.s.boot.tomcat.GracefulShutdown - Graceful shutdown complete
2026-05-08 18:54:45.140 INFO  [Thread-13] o.a.coyote.http11.Http11NioProtocol - Stopping ProtocolHandler ["http-nio-8080"]
2026-05-08 18:54:45.194 INFO  [Thread-13] o.s.o.j.LocalContainerEntityManagerFactoryBean - Closing JPA EntityManagerFactory for persistence unit 'default'
2026-05-08 18:54:45.196 INFO  [Thread-13] com.zaxxer.hikari.HikariDataSource - SkyAirlinesHikariPool - Shutdown initiated...
2026-05-08 18:54:45.239 INFO  [Thread-13] com.zaxxer.hikari.HikariDataSource - SkyAirlinesHikariPool - Shutdown completed.
2026-05-08 18:54:45.542 INFO  [restartedMain] ua.com.kisit.course2026np.Main - Starting Main using Java 24.0.2 with PID 16852 (D:\ООП\practica\git\course-2026-np\target\classes started by User in D:\ООП\practica\git\course-2026-np)
2026-05-08 18:54:45.543 DEBUG [restartedMain] ua.com.kisit.course2026np.Main - Running with Spring Boot v4.0.2, Spring v7.0.3
2026-05-08 18:54:45.543 INFO  [restartedMain] ua.com.kisit.course2026np.Main - No active profile set, falling back to 1 default profile: "default"
2026-05-08 18:54:46.083 INFO  [restartedMain] o.s.d.r.c.RepositoryConfigurationDelegate - Multiple Spring Data modules found, entering strict repository configuration mode
2026-05-08 18:54:46.083 INFO  [restartedMain] o.s.d.r.c.RepositoryConfigurationDelegate - Bootstrapping Spring Data JDBC repositories in DEFAULT mode.
2026-05-08 18:54:46.091 INFO  [restartedMain] o.s.d.r.c.RepositoryConfigurationExtensionSupport - Spring Data JDBC - Could not safely identify store assignment for repository candidate interface ua.com.kisit.course2026np.repository.AircraftRepository; If you want this repository to be a JDBC repository, consider annotating your entities with one of these annotations: org.springframework.data.relational.core.mapping.Table.
2026-05-08 18:54:46.092 INFO  [restartedMain] o.s.d.r.c.RepositoryConfigurationExtensionSupport - Spring Data JDBC - Could not safely identify store assignment for repository candidate interface ua.com.kisit.course2026np.repository.CrewMemberRepository; If you want this repository to be a JDBC repository, consider annotating your entities with one of these annotations: org.springframework.data.relational.core.mapping.Table.
2026-05-08 18:54:46.093 INFO  [restartedMain] o.s.d.r.c.RepositoryConfigurationExtensionSupport - Spring Data JDBC - Could not safely identify store assignment for repository candidate interface ua.com.kisit.course2026np.repository.CrewRepository; If you want this repository to be a JDBC repository, consider annotating your entities with one of these annotations: org.springframework.data.relational.core.mapping.Table.
2026-05-08 18:54:46.095 INFO  [restartedMain] o.s.d.r.c.RepositoryConfigurationExtensionSupport - Spring Data JDBC - Could not safely identify store assignment for repository candidate interface ua.com.kisit.course2026np.repository.FlightRepository; If you want this repository to be a JDBC repository, consider annotating your entities with one of these annotations: org.springframework.data.relational.core.mapping.Table.
2026-05-08 18:54:46.096 INFO  [restartedMain] o.s.d.r.c.RepositoryConfigurationExtensionSupport - Spring Data JDBC - Could not safely identify store assignment for repository candidate interface ua.com.kisit.course2026np.repository.PassengerRepository; If you want this repository to be a JDBC repository, consider annotating your entities with one of these annotations: org.springframework.data.relational.core.mapping.Table.
2026-05-08 18:54:46.097 INFO  [restartedMain] o.s.d.r.c.RepositoryConfigurationExtensionSupport - Spring Data JDBC - Could not safely identify store assignment for repository candidate interface ua.com.kisit.course2026np.repository.TicketRepository; If you want this repository to be a JDBC repository, consider annotating your entities with one of these annotations: org.springframework.data.relational.core.mapping.Table.
2026-05-08 18:54:46.098 INFO  [restartedMain] o.s.d.r.c.RepositoryConfigurationExtensionSupport - Spring Data JDBC - Could not safely identify store assignment for repository candidate interface ua.com.kisit.course2026np.repository.UserRepository; If you want this repository to be a JDBC repository, consider annotating your entities with one of these annotations: org.springframework.data.relational.core.mapping.Table.
2026-05-08 18:54:46.098 INFO  [restartedMain] o.s.d.r.c.RepositoryConfigurationDelegate - Finished Spring Data repository scanning in 13 ms. Found 0 JDBC repository interfaces.
2026-05-08 18:54:46.103 INFO  [restartedMain] o.s.d.r.c.RepositoryConfigurationDelegate - Multiple Spring Data modules found, entering strict repository configuration mode
2026-05-08 18:54:46.103 INFO  [restartedMain] o.s.d.r.c.RepositoryConfigurationDelegate - Bootstrapping Spring Data JPA repositories in DEFAULT mode.
2026-05-08 18:54:46.122 INFO  [restartedMain] o.s.d.r.c.RepositoryConfigurationDelegate - Finished Spring Data repository scanning in 16 ms. Found 7 JPA repository interfaces.
2026-05-08 18:54:46.470 INFO  [restartedMain] o.s.boot.tomcat.TomcatWebServer - Tomcat initialized with port 8080 (http)
2026-05-08 18:54:46.471 INFO  [restartedMain] o.a.coyote.http11.Http11NioProtocol - Initializing ProtocolHandler ["http-nio-8080"]
2026-05-08 18:54:46.472 INFO  [restartedMain] o.a.catalina.core.StandardService - Starting service [Tomcat]
2026-05-08 18:54:46.472 INFO  [restartedMain] o.a.catalina.core.StandardEngine - Starting Servlet engine: [Apache Tomcat/11.0.15]
2026-05-08 18:54:46.513 INFO  [restartedMain] o.s.b.w.c.s.WebApplicationContextInitializer - Root WebApplicationContext: initialization completed in 963 ms
2026-05-08 18:54:46.812 INFO  [restartedMain] org.hibernate.orm.jpa - HHH008540: Processing PersistenceUnitInfo [name: default]
2026-05-08 18:54:46.876 INFO  [restartedMain] o.s.o.j.p.SpringPersistenceUnitInfo - No LoadTimeWeaver setup: ignoring JPA class transformer
2026-05-08 18:54:46.877 INFO  [restartedMain] com.zaxxer.hikari.HikariDataSource - SkyAirlinesHikariPool - Starting...
2026-05-08 18:54:46.912 INFO  [restartedMain] com.zaxxer.hikari.pool.HikariPool - SkyAirlinesHikariPool - Added connection com.mysql.cj.jdbc.ConnectionImpl@65fad087
2026-05-08 18:54:46.913 INFO  [restartedMain] com.zaxxer.hikari.HikariDataSource - SkyAirlinesHikariPool - Start completed.
2026-05-08 18:54:46.914 WARN  [restartedMain] org.hibernate.orm.deprecation - HHH90000025: MySQLDialect does not need to be specified explicitly using 'hibernate.dialect' (remove the property setting and it will be selected by default)
2026-05-08 18:54:46.915 INFO  [restartedMain] o.hibernate.orm.connections.pooling - HHH10001005: Database info:
	Database JDBC URL [jdbc:mysql://localhost:3306/course-2026-np]
	Database driver: MySQL Connector/J
	Database dialect: MySQLDialect
	Database version: 8.0.45
	Default catalog/schema: course-2026-np/undefined
	Autocommit mode: undefined/unknown
	Isolation level: REPEATABLE_READ [default REPEATABLE_READ]
	JDBC fetch size: none
	Pool: DataSourceConnectionProvider
	Minimum pool size: undefined/unknown
	Maximum pool size: undefined/unknown
2026-05-08 18:54:47.190 INFO  [restartedMain] org.hibernate.orm.core - HHH000489: No JTA platform available (set 'hibernate.transaction.jta.platform' to enable JTA platform integration)
2026-05-08 18:54:47.191 INFO  [restartedMain] org.hibernate.orm.jdbc.batch - HHH100501: Automatic JDBC statement batching enabled (maximum batch size 20)
2026-05-08 18:54:47.322 INFO  [restartedMain] o.s.o.j.LocalContainerEntityManagerFactoryBean - Initialized JPA EntityManagerFactory for persistence unit 'default'
2026-05-08 18:54:47.896 INFO  [restartedMain] o.s.s.c.a.a.c.InitializeAuthenticationProviderBeanManagerConfigurer$InitializeAuthenticationProviderManagerConfigurer - Global AuthenticationManager configured with AuthenticationProvider bean with name authenticationProvider
2026-05-08 18:54:47.897 WARN  [restartedMain] o.s.s.c.a.a.c.InitializeUserDetailsBeanManagerConfigurer$InitializeUserDetailsManagerConfigurer - Global AuthenticationManager configured with an AuthenticationProvider bean. UserDetailsService beans will not be used by Spring Security for automatically configuring username/password login. Consider removing the AuthenticationProvider bean. Alternatively, consider using the UserDetailsService in a manually instantiated DaoAuthenticationProvider. If the current configuration is intentional, to turn off this warning, increase the logging level of 'org.springframework.security.config.annotation.authentication.configuration.InitializeUserDetailsBeanManagerConfigurer' to ERROR
2026-05-08 18:54:47.928 WARN  [restartedMain] o.s.b.j.a.JpaBaseConfiguration$JpaWebConfiguration - spring.jpa.open-in-view is enabled by default. Therefore, database queries may be performed during view rendering. Explicitly configure spring.jpa.open-in-view to disable this warning
2026-05-08 18:54:48.258 INFO  [restartedMain] o.s.b.w.a.WelcomePageHandlerMapping - Adding welcome page template: index
2026-05-08 18:54:49.089 INFO  [restartedMain] o.s.b.a.e.web.EndpointLinksResolver - Exposing 1 endpoint beneath base path '/actuator'
2026-05-08 18:54:49.143 INFO  [restartedMain] o.a.coyote.http11.Http11NioProtocol - Starting ProtocolHandler ["http-nio-8080"]
2026-05-08 18:54:49.147 INFO  [restartedMain] o.s.boot.tomcat.TomcatWebServer - Tomcat started on port 8080 (http) with context path '/'
2026-05-08 18:54:49.152 INFO  [restartedMain] ua.com.kisit.course2026np.Main - Started Main in 3.784 seconds (process running for 629.531)
2026-05-08 18:54:49.162 INFO  [restartedMain] u.c.k.c.s.PasswordMigrationRunner - Усі паролі вже у форматі BCrypt — міграція не потрібна.
2026-05-08 18:54:49.166 INFO  [restartedMain] o.s.b.d.a.ConditionEvaluationDeltaLoggingListener - Condition evaluation unchanged
2026-05-08 19:00:30.706 INFO  [File Watcher] o.s.b.d.a.LocalDevToolsAutoConfiguration$RestartingClassPathChangeChangedEventListener - Restarting due to 1 class path change (0 additions, 1 deletion, 0 modifications)
2026-05-08 19:00:30.709 INFO  [Thread-17] o.s.boot.tomcat.GracefulShutdown - Commencing graceful shutdown. Waiting for active requests to complete
2026-05-08 19:00:30.710 INFO  [tomcat-shutdown] o.a.coyote.http11.Http11NioProtocol - Pausing ProtocolHandler ["http-nio-8080"]
2026-05-08 19:00:30.715 INFO  [tomcat-shutdown] o.s.boot.tomcat.GracefulShutdown - Graceful shutdown complete
2026-05-08 19:00:30.716 INFO  [Thread-17] o.a.coyote.http11.Http11NioProtocol - Stopping ProtocolHandler ["http-nio-8080"]
2026-05-08 19:00:30.722 INFO  [Thread-17] o.s.o.j.LocalContainerEntityManagerFactoryBean - Closing JPA EntityManagerFactory for persistence unit 'default'
2026-05-08 19:00:30.724 INFO  [Thread-17] com.zaxxer.hikari.HikariDataSource - SkyAirlinesHikariPool - Shutdown initiated...
2026-05-08 19:00:30.727 INFO  [Thread-17] com.zaxxer.hikari.HikariDataSource - SkyAirlinesHikariPool - Shutdown completed.
2026-05-08 19:00:30.854 INFO  [restartedMain] ua.com.kisit.course2026np.Main - Starting Main using Java 24.0.2 with PID 16852 (D:\ООП\practica\git\course-2026-np\target\classes started by User in D:\ООП\practica\git\course-2026-np)
2026-05-08 19:00:30.854 DEBUG [restartedMain] ua.com.kisit.course2026np.Main - Running with Spring Boot v4.0.2, Spring v7.0.3
2026-05-08 19:00:30.855 INFO  [restartedMain] ua.com.kisit.course2026np.Main - No active profile set, falling back to 1 default profile: "default"
2026-05-08 19:00:31.270 INFO  [restartedMain] o.s.d.r.c.RepositoryConfigurationDelegate - Multiple Spring Data modules found, entering strict repository configuration mode
2026-05-08 19:00:31.270 INFO  [restartedMain] o.s.d.r.c.RepositoryConfigurationDelegate - Bootstrapping Spring Data JDBC repositories in DEFAULT mode.
2026-05-08 19:00:31.281 INFO  [restartedMain] o.s.d.r.c.RepositoryConfigurationExtensionSupport - Spring Data JDBC - Could not safely identify store assignment for repository candidate interface ua.com.kisit.course2026np.repository.AircraftRepository; If you want this repository to be a JDBC repository, consider annotating your entities with one of these annotations: org.springframework.data.relational.core.mapping.Table.
2026-05-08 19:00:31.283 INFO  [restartedMain] o.s.d.r.c.RepositoryConfigurationExtensionSupport - Spring Data JDBC - Could not safely identify store assignment for repository candidate interface ua.com.kisit.course2026np.repository.CrewMemberRepository; If you want this repository to be a JDBC repository, consider annotating your entities with one of these annotations: org.springframework.data.relational.core.mapping.Table.
2026-05-08 19:00:31.284 INFO  [restartedMain] o.s.d.r.c.RepositoryConfigurationExtensionSupport - Spring Data JDBC - Could not safely identify store assignment for repository candidate interface ua.com.kisit.course2026np.repository.CrewRepository; If you want this repository to be a JDBC repository, consider annotating your entities with one of these annotations: org.springframework.data.relational.core.mapping.Table.
2026-05-08 19:00:31.285 INFO  [restartedMain] o.s.d.r.c.RepositoryConfigurationExtensionSupport - Spring Data JDBC - Could not safely identify store assignment for repository candidate interface ua.com.kisit.course2026np.repository.FlightRepository; If you want this repository to be a JDBC repository, consider annotating your entities with one of these annotations: org.springframework.data.relational.core.mapping.Table.
2026-05-08 19:00:31.286 INFO  [restartedMain] o.s.d.r.c.RepositoryConfigurationExtensionSupport - Spring Data JDBC - Could not safely identify store assignment for repository candidate interface ua.com.kisit.course2026np.repository.PassengerRepository; If you want this repository to be a JDBC repository, consider annotating your entities with one of these annotations: org.springframework.data.relational.core.mapping.Table.
2026-05-08 19:00:31.288 INFO  [restartedMain] o.s.d.r.c.RepositoryConfigurationExtensionSupport - Spring Data JDBC - Could not safely identify store assignment for repository candidate interface ua.com.kisit.course2026np.repository.TicketRepository; If you want this repository to be a JDBC repository, consider annotating your entities with one of these annotations: org.springframework.data.relational.core.mapping.Table.
2026-05-08 19:00:31.289 INFO  [restartedMain] o.s.d.r.c.RepositoryConfigurationExtensionSupport - Spring Data JDBC - Could not safely identify store assignment for repository candidate interface ua.com.kisit.course2026np.repository.UserRepository; If you want this repository to be a JDBC repository, consider annotating your entities with one of these annotations: org.springframework.data.relational.core.mapping.Table.
2026-05-08 19:00:31.289 INFO  [restartedMain] o.s.d.r.c.RepositoryConfigurationDelegate - Finished Spring Data repository scanning in 16 ms. Found 0 JDBC repository interfaces.
2026-05-08 19:00:31.296 INFO  [restartedMain] o.s.d.r.c.RepositoryConfigurationDelegate - Multiple Spring Data modules found, entering strict repository configuration mode
2026-05-08 19:00:31.296 INFO  [restartedMain] o.s.d.r.c.RepositoryConfigurationDelegate - Bootstrapping Spring Data JPA repositories in DEFAULT mode.
2026-05-08 19:00:31.316 INFO  [restartedMain] o.s.d.r.c.RepositoryConfigurationDelegate - Finished Spring Data repository scanning in 16 ms. Found 7 JPA repository interfaces.
2026-05-08 19:00:31.579 INFO  [restartedMain] o.s.boot.tomcat.TomcatWebServer - Tomcat initialized with port 8080 (http)
2026-05-08 19:00:31.582 INFO  [restartedMain] o.a.coyote.http11.Http11NioProtocol - Initializing ProtocolHandler ["http-nio-8080"]
2026-05-08 19:00:31.582 INFO  [restartedMain] o.a.catalina.core.StandardService - Starting service [Tomcat]
2026-05-08 19:00:31.582 INFO  [restartedMain] o.a.catalina.core.StandardEngine - Starting Servlet engine: [Apache Tomcat/11.0.15]
2026-05-08 19:00:31.621 INFO  [restartedMain] o.s.b.w.c.s.WebApplicationContextInitializer - Root WebApplicationContext: initialization completed in 764 ms
2026-05-08 19:00:31.792 INFO  [restartedMain] org.hibernate.orm.jpa - HHH008540: Processing PersistenceUnitInfo [name: default]
2026-05-08 19:00:31.846 INFO  [restartedMain] o.s.o.j.p.SpringPersistenceUnitInfo - No LoadTimeWeaver setup: ignoring JPA class transformer
2026-05-08 19:00:31.847 INFO  [restartedMain] com.zaxxer.hikari.HikariDataSource - SkyAirlinesHikariPool - Starting...
2026-05-08 19:00:31.876 INFO  [restartedMain] com.zaxxer.hikari.pool.HikariPool - SkyAirlinesHikariPool - Added connection com.mysql.cj.jdbc.ConnectionImpl@37cce1a0
2026-05-08 19:00:31.877 INFO  [restartedMain] com.zaxxer.hikari.HikariDataSource - SkyAirlinesHikariPool - Start completed.
2026-05-08 19:00:31.878 WARN  [restartedMain] org.hibernate.orm.deprecation - HHH90000025: MySQLDialect does not need to be specified explicitly using 'hibernate.dialect' (remove the property setting and it will be selected by default)
2026-05-08 19:00:31.879 INFO  [restartedMain] o.hibernate.orm.connections.pooling - HHH10001005: Database info:
	Database JDBC URL [jdbc:mysql://localhost:3306/course-2026-np]
	Database driver: MySQL Connector/J
	Database dialect: MySQLDialect
	Database version: 8.0.45
	Default catalog/schema: course-2026-np/undefined
	Autocommit mode: undefined/unknown
	Isolation level: REPEATABLE_READ [default REPEATABLE_READ]
	JDBC fetch size: none
	Pool: DataSourceConnectionProvider
	Minimum pool size: undefined/unknown
	Maximum pool size: undefined/unknown
2026-05-08 19:00:32.145 INFO  [restartedMain] org.hibernate.orm.core - HHH000489: No JTA platform available (set 'hibernate.transaction.jta.platform' to enable JTA platform integration)
2026-05-08 19:00:32.145 INFO  [restartedMain] org.hibernate.orm.jdbc.batch - HHH100501: Automatic JDBC statement batching enabled (maximum batch size 20)
2026-05-08 19:00:32.320 INFO  [restartedMain] o.s.o.j.LocalContainerEntityManagerFactoryBean - Initialized JPA EntityManagerFactory for persistence unit 'default'
2026-05-08 19:00:32.568 WARN  [restartedMain] o.s.b.w.s.s.c.AnnotationConfigServletWebServerApplicationContext - Exception encountered during context initialization - cancelling refresh attempt: org.springframework.beans.factory.UnsatisfiedDependencyException: Error creating bean with name 'authController' defined in file [D:\ООП\practica\git\course-2026-np\target\classes\ua\com\kisit\course2026np\controller\AuthController.class]: Unsatisfied dependency expressed through constructor parameter 0: Error creating bean with name 'userService' defined in file [D:\ООП\practica\git\course-2026-np\target\classes\ua\com\kisit\course2026np\service\UserService.class]: Unsatisfied dependency expressed through constructor parameter 1: No qualifying bean of type 'org.springframework.security.crypto.password.PasswordEncoder' available: expected at least 1 bean which qualifies as autowire candidate. Dependency annotations: {}
2026-05-08 19:00:32.568 INFO  [restartedMain] o.s.o.j.LocalContainerEntityManagerFactoryBean - Closing JPA EntityManagerFactory for persistence unit 'default'
2026-05-08 19:00:32.569 INFO  [restartedMain] com.zaxxer.hikari.HikariDataSource - SkyAirlinesHikariPool - Shutdown initiated...
2026-05-08 19:00:32.571 INFO  [restartedMain] com.zaxxer.hikari.HikariDataSource - SkyAirlinesHikariPool - Shutdown completed.
2026-05-08 19:00:32.572 INFO  [restartedMain] o.a.catalina.core.StandardService - Stopping service [Tomcat]
2026-05-08 19:00:32.578 INFO  [restartedMain] o.s.b.a.l.ConditionEvaluationReportLogger - 

Error starting ApplicationContext. To display the condition evaluation report re-run your application with 'debug' enabled.
2026-05-08 19:00:32.604 ERROR [restartedMain] o.s.b.d.LoggingFailureAnalysisReporter - 

***************************
APPLICATION FAILED TO START
***************************

Description:

Parameter 1 of constructor in ua.com.kisit.course2026np.service.UserService required a bean of type 'org.springframework.security.crypto.password.PasswordEncoder' that could not be found.


Action:

Consider defining a bean of type 'org.springframework.security.crypto.password.PasswordEncoder' in your configuration.

2026-05-08 19:01:00.167 INFO  [restartedMain] ua.com.kisit.course2026np.Main - Starting Main using Java 24.0.2 with PID 16852 (D:\ООП\practica\git\course-2026-np\target\classes started by User in D:\ООП\practica\git\course-2026-np)
2026-05-08 19:01:00.167 DEBUG [restartedMain] ua.com.kisit.course2026np.Main - Running with Spring Boot v4.0.2, Spring v7.0.3
2026-05-08 19:01:00.167 INFO  [restartedMain] ua.com.kisit.course2026np.Main - No active profile set, falling back to 1 default profile: "default"
2026-05-08 19:01:00.730 INFO  [restartedMain] o.s.d.r.c.RepositoryConfigurationDelegate - Multiple Spring Data modules found, entering strict repository configuration mode
2026-05-08 19:01:00.730 INFO  [restartedMain] o.s.d.r.c.RepositoryConfigurationDelegate - Bootstrapping Spring Data JDBC repositories in DEFAULT mode.
2026-05-08 19:01:00.742 INFO  [restartedMain] o.s.d.r.c.RepositoryConfigurationExtensionSupport - Spring Data JDBC - Could not safely identify store assignment for repository candidate interface ua.com.kisit.course2026np.repository.AircraftRepository; If you want this repository to be a JDBC repository, consider annotating your entities with one of these annotations: org.springframework.data.relational.core.mapping.Table.
2026-05-08 19:01:00.743 INFO  [restartedMain] o.s.d.r.c.RepositoryConfigurationExtensionSupport - Spring Data JDBC - Could not safely identify store assignment for repository candidate interface ua.com.kisit.course2026np.repository.CrewMemberRepository; If you want this repository to be a JDBC repository, consider annotating your entities with one of these annotations: org.springframework.data.relational.core.mapping.Table.
2026-05-08 19:01:00.744 INFO  [restartedMain] o.s.d.r.c.RepositoryConfigurationExtensionSupport - Spring Data JDBC - Could not safely identify store assignment for repository candidate interface ua.com.kisit.course2026np.repository.CrewRepository; If you want this repository to be a JDBC repository, consider annotating your entities with one of these annotations: org.springframework.data.relational.core.mapping.Table.
2026-05-08 19:01:00.746 INFO  [restartedMain] o.s.d.r.c.RepositoryConfigurationExtensionSupport - Spring Data JDBC - Could not safely identify store assignment for repository candidate interface ua.com.kisit.course2026np.repository.FlightRepository; If you want this repository to be a JDBC repository, consider annotating your entities with one of these annotations: org.springframework.data.relational.core.mapping.Table.
2026-05-08 19:01:00.748 INFO  [restartedMain] o.s.d.r.c.RepositoryConfigurationExtensionSupport - Spring Data JDBC - Could not safely identify store assignment for repository candidate interface ua.com.kisit.course2026np.repository.PassengerRepository; If you want this repository to be a JDBC repository, consider annotating your entities with one of these annotations: org.springframework.data.relational.core.mapping.Table.
2026-05-08 19:01:00.749 INFO  [restartedMain] o.s.d.r.c.RepositoryConfigurationExtensionSupport - Spring Data JDBC - Could not safely identify store assignment for repository candidate interface ua.com.kisit.course2026np.repository.TicketRepository; If you want this repository to be a JDBC repository, consider annotating your entities with one of these annotations: org.springframework.data.relational.core.mapping.Table.
2026-05-08 19:01:00.751 INFO  [restartedMain] o.s.d.r.c.RepositoryConfigurationExtensionSupport - Spring Data JDBC - Could not safely identify store assignment for repository candidate interface ua.com.kisit.course2026np.repository.UserRepository; If you want this repository to be a JDBC repository, consider annotating your entities with one of these annotations: org.springframework.data.relational.core.mapping.Table.
2026-05-08 19:01:00.751 INFO  [restartedMain] o.s.d.r.c.RepositoryConfigurationDelegate - Finished Spring Data repository scanning in 17 ms. Found 0 JDBC repository interfaces.
2026-05-08 19:01:00.756 INFO  [restartedMain] o.s.d.r.c.RepositoryConfigurationDelegate - Multiple Spring Data modules found, entering strict repository configuration mode
2026-05-08 19:01:00.756 INFO  [restartedMain] o.s.d.r.c.RepositoryConfigurationDelegate - Bootstrapping Spring Data JPA repositories in DEFAULT mode.
2026-05-08 19:01:00.779 INFO  [restartedMain] o.s.d.r.c.RepositoryConfigurationDelegate - Finished Spring Data repository scanning in 20 ms. Found 7 JPA repository interfaces.
2026-05-08 19:01:01.032 INFO  [restartedMain] o.s.boot.tomcat.TomcatWebServer - Tomcat initialized with port 8080 (http)
2026-05-08 19:01:01.034 INFO  [restartedMain] o.a.coyote.http11.Http11NioProtocol - Initializing ProtocolHandler ["http-nio-8080"]
2026-05-08 19:01:01.034 INFO  [restartedMain] o.a.catalina.core.StandardService - Starting service [Tomcat]
2026-05-08 19:01:01.035 INFO  [restartedMain] o.a.catalina.core.StandardEngine - Starting Servlet engine: [Apache Tomcat/11.0.15]
2026-05-08 19:01:01.084 INFO  [restartedMain] o.s.b.w.c.s.WebApplicationContextInitializer - Root WebApplicationContext: initialization completed in 912 ms
2026-05-08 19:01:01.315 INFO  [restartedMain] org.hibernate.orm.jpa - HHH008540: Processing PersistenceUnitInfo [name: default]
2026-05-08 19:01:01.373 INFO  [restartedMain] o.s.o.j.p.SpringPersistenceUnitInfo - No LoadTimeWeaver setup: ignoring JPA class transformer
2026-05-08 19:01:01.374 INFO  [restartedMain] com.zaxxer.hikari.HikariDataSource - SkyAirlinesHikariPool - Starting...
2026-05-08 19:01:01.403 INFO  [restartedMain] com.zaxxer.hikari.pool.HikariPool - SkyAirlinesHikariPool - Added connection com.mysql.cj.jdbc.ConnectionImpl@20666351
2026-05-08 19:01:01.404 INFO  [restartedMain] com.zaxxer.hikari.HikariDataSource - SkyAirlinesHikariPool - Start completed.
2026-05-08 19:01:01.405 WARN  [restartedMain] org.hibernate.orm.deprecation - HHH90000025: MySQLDialect does not need to be specified explicitly using 'hibernate.dialect' (remove the property setting and it will be selected by default)
2026-05-08 19:01:01.407 INFO  [restartedMain] o.hibernate.orm.connections.pooling - HHH10001005: Database info:
	Database JDBC URL [jdbc:mysql://localhost:3306/course-2026-np]
	Database driver: MySQL Connector/J
	Database dialect: MySQLDialect
	Database version: 8.0.45
	Default catalog/schema: course-2026-np/undefined
	Autocommit mode: undefined/unknown
	Isolation level: REPEATABLE_READ [default REPEATABLE_READ]
	JDBC fetch size: none
	Pool: DataSourceConnectionProvider
	Minimum pool size: undefined/unknown
	Maximum pool size: undefined/unknown
2026-05-08 19:01:01.750 INFO  [restartedMain] org.hibernate.orm.core - HHH000489: No JTA platform available (set 'hibernate.transaction.jta.platform' to enable JTA platform integration)
2026-05-08 19:01:01.750 INFO  [restartedMain] org.hibernate.orm.jdbc.batch - HHH100501: Automatic JDBC statement batching enabled (maximum batch size 20)
2026-05-08 19:01:01.945 INFO  [restartedMain] o.s.o.j.LocalContainerEntityManagerFactoryBean - Initialized JPA EntityManagerFactory for persistence unit 'default'
2026-05-08 19:01:02.658 INFO  [restartedMain] o.s.s.c.a.a.c.InitializeAuthenticationProviderBeanManagerConfigurer$InitializeAuthenticationProviderManagerConfigurer - Global AuthenticationManager configured with AuthenticationProvider bean with name authenticationProvider
2026-05-08 19:01:02.659 WARN  [restartedMain] o.s.s.c.a.a.c.InitializeUserDetailsBeanManagerConfigurer$InitializeUserDetailsManagerConfigurer - Global AuthenticationManager configured with an AuthenticationProvider bean. UserDetailsService beans will not be used by Spring Security for automatically configuring username/password login. Consider removing the AuthenticationProvider bean. Alternatively, consider using the UserDetailsService in a manually instantiated DaoAuthenticationProvider. If the current configuration is intentional, to turn off this warning, increase the logging level of 'org.springframework.security.config.annotation.authentication.configuration.InitializeUserDetailsBeanManagerConfigurer' to ERROR
2026-05-08 19:01:02.698 WARN  [restartedMain] o.s.b.j.a.JpaBaseConfiguration$JpaWebConfiguration - spring.jpa.open-in-view is enabled by default. Therefore, database queries may be performed during view rendering. Explicitly configure spring.jpa.open-in-view to disable this warning
2026-05-08 19:01:03.059 INFO  [restartedMain] o.s.b.w.a.WelcomePageHandlerMapping - Adding welcome page template: index
2026-05-08 19:01:03.816 INFO  [restartedMain] o.s.b.a.e.web.EndpointLinksResolver - Exposing 1 endpoint beneath base path '/actuator'
2026-05-08 19:01:03.890 INFO  [restartedMain] o.a.coyote.http11.Http11NioProtocol - Starting ProtocolHandler ["http-nio-8080"]
2026-05-08 19:01:03.894 INFO  [restartedMain] o.s.boot.tomcat.TomcatWebServer - Tomcat started on port 8080 (http) with context path '/'
2026-05-08 19:01:03.898 INFO  [restartedMain] ua.com.kisit.course2026np.Main - Started Main in 3.784 seconds (process running for 1004.276)
2026-05-08 19:01:03.908 INFO  [restartedMain] u.c.k.c.s.PasswordMigrationRunner - Усі паролі вже у форматі BCrypt — міграція не потрібна.
2026-05-08 19:01:03.912 INFO  [restartedMain] o.s.b.d.a.ConditionEvaluationDeltaLoggingListener - Condition evaluation unchanged
2026-05-08 19:09:10.832 INFO  [SpringApplicationShutdownHook] o.s.boot.tomcat.GracefulShutdown - Commencing graceful shutdown. Waiting for active requests to complete
2026-05-08 19:09:10.837 INFO  [tomcat-shutdown] o.s.boot.tomcat.GracefulShutdown - Graceful shutdown complete
2026-05-08 19:09:10.842 INFO  [SpringApplicationShutdownHook] o.s.o.j.LocalContainerEntityManagerFactoryBean - Closing JPA EntityManagerFactory for persistence unit 'default'
2026-05-08 19:09:10.843 INFO  [SpringApplicationShutdownHook] com.zaxxer.hikari.HikariDataSource - SkyAirlinesHikariPool - Shutdown initiated...
2026-05-08 19:09:10.845 INFO  [SpringApplicationShutdownHook] com.zaxxer.hikari.HikariDataSource - SkyAirlinesHikariPool - Shutdown completed.
